sentence_id,turn_id,speaker,timestamp,sentence,selected_label,notes
1,1,Date,,24 July 2026 Participants Aarav (Project Manager) Neha (ML Engineer) Rahul (Backend Developer) Priya (Frontend Developer) Ananya (QA Engineer),Information,
2,2,Aarav,32405.0,Good morning everyone.,Information,
3,3,Priya,32412.0,Morning.,Information,
4,4,Rahul,32418.0,Good morning.,Information,
5,5,Aarav,32425.0,Today's goal is to finalize the feature list for Sprint 4.,Information,
6,6,Neha,32450.0,The meeting summarization model has reached 91% evaluation accuracy.,Information,
7,7,Rahul,32475.0,The export APIs are also ready.,Information,
8,8,Aarav,32500.0,Are there any blockers before release?,Discussion,
9,9,Priya,32525.0,The PDF export layout still needs some polishing.,Information,
10,10,Ananya,32560.0,QA also found two UI alignment issues.,Information,
11,11,Aarav,32585.0,Can both be fixed by tomorrow?,Discussion,
12,12,Priya,32600.0,Yes.,Decision,
13,13,Ananya,32615.0,"Yes, I'll verify everything once the fixes are merged.",Action_Item,
14,14,Rahul,32640.0,I think transcript loading is still slightly slow.,Discussion,
15,15,Neha,32665.0,Lazy loading should solve that.,Discussion,
16,16,Aarav,32695.0,"Okay, we'll implement lazy loading in this sprint.",Decision,
17,17,Priya,32720.0,Should dark mode remain in this release?,Discussion,
18,18,Rahul,32745.0,I'd postpone it.,Discussion,
19,19,Neha,32770.0,I agree.,Decision,
20,20,Aarav,32785.0,Then dark mode moves to Sprint 5.,Decision,
21,21,Aarav,32815.0,Rahul will finish lazy loading.,Action_Item,
22,22,Rahul,32832.0,Sure.,Decision,
23,23,Aarav,32845.0,Priya will complete PDF improvements.,Action_Item,
24,24,Priya,32862.0,Done.,Decision,
25,25,Aarav,32875.0,Ananya will complete regression testing.,Action_Item,
26,26,Ananya,32892.0,I'll finish it by tomorrow evening.,Action_Item,
27,27,Aarav,32915.0,Let's summarize today's meeting.,Summary,
28,28,Aarav,32930.0,Feature list finalized.,Summary,
29,29,Aarav,32940.0,Dark mode postponed.,Summary,
30,30,Aarav,32950.0,Performance optimization added to Sprint 4.,Summary,
31,31,Aarav,32965.0,Meeting adjourned.,Summary,
2,2,Simran,39620.0,Thanks everyone for joining.,Information,
3,3,Rohan,39640.0,We want users to receive meeting summaries automatically by email.,Information,
4,4,Kunal,39665.0,That's technically possible.,Information,
5,5,Sneha,39685.0,Should users be able to customize the email template?,Discussion,
6,6,Rohan,39710.0,"Yes, customization would be useful.",Decision,
7,7,Simran,39740.0,Should summaries also include action items?,Discussion,
8,8,Rohan,39765.0,Definitely.,Decision,
9,9,Kunal,39785.0,We can also attach the transcript as a PDF.,Discussion,
10,10,Sneha,39810.0,That would improve usability.,Discussion,
11,11,Simran,39840.0,Do we need multilingual support?,Discussion,
12,12,Rohan,39860.0,Not in Phase 1.,Decision,
13,13,Simran,39885.0,"Okay, multilingual support will be moved to the next release.",Decision,
14,14,Kunal,39915.0,I'll implement automatic email delivery.,Action_Item,
15,15,Sneha,39938.0,I'll design the email template.,Action_Item,
16,16,Simran,39960.0,I'll prepare the requirement document.,Action_Item,
17,17,Rohan,39995.0,Perfect.,Summary,
18,18,Simran,40015.0,Today's decisions are finalized.,Summary,
19,19,Simran,40030.0,Meeting closed.,Summary,
1,1,Speaker 1,,That's great.,Discussion,
1,1,Rahul,,"Yeah, I checked it.",Information,
2,1,Rahul,,Overall it looks clean.,Discussion,
3,1,Rahul,,I just think the navigation bar is slightly crowded on smaller screens.,Discussion,
4,2,Priya,,That's fair.,Discussion,
5,2,Priya,,I can reduce the number of visible menu items and move the rest into a hamburger menu.,Action_Item,
6,2,Priya,,"[10:04 AM] Neha: From the backend side, we'll need to know which sections will pull dynamic data because that affects the APIs.",Discussion,
7,3,Aarav,,Good point.,Discussion,
8,3,Aarav,,"Rahul, which components are dynamic?",Discussion,
9,4,Rahul,,"The trending games section, user statistics, and recently played games.",Information,
11,5,Neha,,I'll expose APIs for those this week.,Action_Item,
12,5,Neha,,[10:09 AM] Priya: What about the announcements banner?,Discussion,
13,5,Neha,,Should it rotate automatically?,Discussion,
14,6,Aarav,,"Yes, but let's keep the timing around five seconds.",Decision,
15,6,Aarav,,Users should also be able to pause it manually.,Decision,
16,7,Rahul,,"Accessibility-wise, that's a good idea.",Discussion,
17,7,Rahul,,"[10:14 AM] Neha: One concern—if we fetch too much data on page load, performance might suffer.",Discussion,
18,8,Rahul,,We can lazy-load sections below the fold.,Discussion,
19,9,Aarav,,Let's go with that.,Decision,
20,9,Aarav,,[10:18 AM] Priya: Should we include dark mode in the first release?,Discussion,
21,10,Rahul,,"Personally, I'd postpone it.",Discussion,
22,11,Neha,,Agreed.,Decision,
23,11,Neha,,Better to stabilize the main features first.,Discussion,
24,12,Aarav,,"Okay, dark mode moves to Phase 2.",Decision,
25,12,Aarav,,[10:25 AM] Aarav: Let's summarize.,Summary,
26,12,Aarav,,Homepage finalized.,Summary,
27,12,Aarav,,Dynamic APIs this week.,Summary,
28,12,Aarav,,Lazy loading for lower sections.,Summary,
30,13,Meeting Ended,,10:32 AM,Summary,
1,1,Riya,,Thanks for joining everyone.,Information,
2,1,Riya,,"We're less than a month away from the tech fest, so today we need to lock the major responsibilities.",Information,
3,2,Karan,,"The auditorium booking is confirmed, but we still don't have approval for the seminar hall.",Information,
4,3,Mehul,,Does that affect the coding competition?,Discussion,
5,4,Karan,,Slightly.,Information,
6,4,Karan,,"If we don't get the seminar hall, we'll have to use two classrooms instead.",Discussion,
7,5,Simran,,"That's manageable, but we'll need to update the promotional posters.",Action_Item,
8,6,Riya,,Okay.,Discussion,
9,6,Riya,,What about sponsors?,Discussion,
10,7,Mehul,,I've spoken with four companies.,Information,
11,7,Mehul,,Two have already shown interest.,Information,
12,7,Mehul,,One of them wants branding on stage and social media mentions.,Information,
13,8,Simran,,That's reasonable.,Discussion,
14,8,Simran,,We usually offer that in our Gold Sponsor package.,Information,
15,9,Riya,,Great.,Discussion,
16,9,Riya,,Let's proceed.,Decision,
17,10,Karan,,We also need volunteers.,Information,
18,10,Karan,,Right now we only have 18 registrations.,Information,
19,11,Riya,,We need at least 35.,Decision,
20,12,Simran,,I'll post another recruitment announcement tonight.,Action_Item,
21,13,Mehul,,One more thing.,Discussion,
22,13,Mehul,,Should we arrange participant certificates digitally or printed?,Discussion,
23,14,Karan,,Digital would save both time and budget.,Discussion,
1,1,Vivek,,I've collected around 200 meeting transcripts.,Information,
2,2,Sana,,Are they cleaned?,Discussion,
3,3,Vivek,,Not completely.,Information,
4,3,Vivek,,Some still have filler words and timestamps.,Information,
5,4,Rohit,,"Actually, I think we should keep some filler words.",Discussion,
6,4,Rohit,,Real meetings aren't perfectly structured.,Discussion,
7,5,Ananya,,Exactly.,Discussion,
8,5,Ananya,,It'll help the model generalize better.,Information,
9,5,Ananya,,[3:06 PM] Sana: What about the output format?,Discussion,
10,7,I'm thinking,,Summary Key Decisions Action Items Participants,Discussion,
11,8,Ananya,,Sounds good.,Decision,
12,9,Vivek,,Should we fine-tune an existing model or use prompt engineering?,Discussion,
13,10,Rohit,,Initially prompt engineering.,Decision,
14,11,Sana,,Then later fine-tuning if needed.,Decision,
15,11,Sana,,[3:15 PM] Ananya: Dataset size?,Discussion,
16,12,Vivek,,"Currently around 90,000 words.",Information,
17,13,Ananya,,Let's target at least 300 transcripts.,Decision,
1,1,Aditya,,Morning everyone.,Information,
2,1,Aditya,,Let's start with weekly updates.,Information,
3,2,Sneha,,Operations have been smooth except for delayed vendor payments.,Information,
4,3,Aditya,,Any reason?,Discussion,
5,4,Sneha,,Finance approvals took longer than expected.,Information,
6,5,Aman,,"Product-wise, we've released the new dashboard.",Information,
7,5,Aman,,Users are responding positively.,Information,
8,6,Ishita,,"Yes, although several users requested export-to-PDF functionality.",Information,
9,7,Aditya,,Is that technically feasible?,Discussion,
10,8,Aman,,"Yes, probably within the next sprint.",Discussion,
11,9,Sneha,,Customer support tickets also decreased by around 18% this week.,Information,
12,10,Aditya,,That's encouraging.,Discussion,
13,11,Ishita,,Most remaining tickets are feature requests rather than bugs.,Information,
14,12,Aditya,,Excellent.,Discussion,
15,13,Let's prioritize,,Export to PDF.,Action_Item,
16,13,Let's prioritize,,Mobile optimization.,Action_Item,
17,13,Let's prioritize,,Analytics improvements.,Action_Item,
18,13,Let's prioritize,,Meeting concluded after 28 minutes.,Summary,
1,1,Kavya,,Hi everyone.,Information,
2,1,Kavya,,Let's do a quick progress check before tomorrow's mentor meeting.,Information,
3,2,Nikhil,,I've completed the data preprocessing scripts.,Information,
4,3,Arjun,,Nice.,Discussion,
5,3,Arjun,,Any missing values left?,Discussion,
6,4,Nikhil,,Around 2%.,Information,
7,4,Nikhil,,I'm handling them using median imputation.,Information,
8,5,Pooja,,I've started exploratory data analysis.,Information,
9,5,Pooja,,Some interesting correlations showed up.,Information,
11,6,Kavya,,Can you prepare visualizations as well?,Action_Item,
12,7,Pooja,,"Yes, by this evening.",Action_Item,
13,8,Arjun,,I worked on the model pipeline yesterday.,Information,
14,8,Arjun,,Random Forest is giving around 88% accuracy.,Information,
15,9,Kavya,,Did you compare it with XGBoost?,Discussion,
16,10,Arjun,,Not yet.,Information,
17,11,Kavya,,Please do that before tomorrow.,Action_Item,
18,12,Nikhil,,Should we also prepare a presentation?,Discussion,
20,13,Kavya,,Our mentor prefers concise slides.,Information,
21,14,Pooja,,I'll take care of the design.,Action_Item,
22,15,Arjun,,I'll prepare the results section.,Action_Item,
24,16,Kavya,,Let's review everything tomorrow morning before the meeting.,Summary,
1,1,Aarav,36005.0,"Good morning, everyone.",Information,
4,4,Priya,36015.0,"Morning, everyone.",Information,
5,5,Ananya,36020.0,"Hi, everyone.",Information,
6,6,Aarav,36030.0,Let's begin.,Information,
7,6,Aarav,36030.0,Today's objective is to review the progress from last week's sprint and finalize the tasks for the upcoming release.,Information,
8,7,Rahul,36055.0,"From the backend side, the transcript upload API has been completed.",Information,
9,7,Rahul,36055.0,We also fixed the authentication issue that users reported last week.,Information,
11,8,Aarav,36084.0,Were all the reported bugs resolved?,Discussion,
12,9,Rahul,36095.0,Almost all of them.,Information,
13,9,Rahul,36095.0,Two edge cases related to large file uploads are still pending.,Information,
14,10,Aarav,36118.0,"Okay, we'll come back to those.",Decision,
15,11,Neha,36135.0,The meeting summarization model is performing better after the latest prompt optimization.,Information,
16,11,Neha,36135.0,Accuracy has improved during our internal evaluation.,Information,
17,12,Aarav,36167.0,Did you test it on longer meeting transcripts?,Discussion,
19,13,Neha,36178.0,"Meetings up to thirty minutes are working well, but summaries become slightly inconsistent for recordings longer than an hour.",Information,
20,14,Priya,36215.0,Would chunking the transcript help?,Discussion,
21,15,Neha,36229.0,"Yes, that's exactly what we're planning to test this week.",Action_Item,
22,16,Aarav,36260.0,Good suggestion.,Discussion,
23,17,Ananya,36270.0,"From the QA side, we've completed testing on Chrome and Edge browsers.",Information,
24,18,Aarav,36295.0,Any issues?,Discussion,
25,19,Ananya,36302.0,Nothing major.,Information,
26,19,Ananya,36302.0,We noticed a small formatting issue in exported PDF reports.,Information,
27,20,Priya,36328.0,I can fix that today.,Action_Item,
29,22,Priya,36365.0,The dashboard redesign is almost complete.,Information,
30,22,Priya,36365.0,I added a cleaner transcript viewer and improved the navigation menu.,Information,
31,23,Rahul,36400.0,I saw the latest build yesterday.,Information,
32,23,Rahul,36400.0,It definitely feels much smoother.,Discussion,
33,24,Aarav,36425.0,Can we deploy the UI changes before Friday?,Discussion,
34,25,Priya,36440.0,"Yes, provided no new bugs are found.",Decision,
35,26,Ananya,36462.0,I'll finish regression testing by Thursday evening.,Action_Item,
37,28,Rahul,36510.0,I also think we should optimize transcript loading because larger meetings take several seconds to open.,Discussion,
38,29,Neha,36538.0,That's true.,Discussion,
39,29,Neha,36538.0,We can implement lazy loading for transcript sections.,Discussion,
40,30,Priya,36560.0,That should also improve scrolling performance.,Discussion,
41,31,Aarav,36585.0,Let's include that in this sprint.,Decision,
42,32,Aarav,36615.0,Any updates regarding multilingual support?,Discussion,
43,33,Neha,36635.0,We've started testing English-Hindi mixed conversations.,Information,
44,34,Rahul,36658.0,"Initial results look promising, although speaker separation still struggles when multiple people interrupt each other.",Information,
45,35,Ananya,36700.0,I'll include those cases in the next testing cycle.,Action_Item,
46,36,Aarav,36730.0,Good.,Discussion,
47,37,Priya,36745.0,Can we also add a dark mode option in the next release?,Discussion,
48,38,Rahul,36768.0,I'd recommend postponing it until after the performance improvements.,Discussion,
50,39,Neha,36795.0,Performance should be our priority.,Discussion,
51,40,Aarav,36815.0,Alright.,Decision,
52,40,Aarav,36815.0,We'll move dark mode to the next sprint.,Decision,
53,41,Aarav,36860.0,Let's assign responsibilities.,Decision,
54,42,Rahul,36875.0,I'll optimize the transcript loading performance.,Action_Item,
55,43,Priya,36898.0,I'll fix the PDF formatting issue and complete the dashboard redesign.,Action_Item,
56,44,Neha,36928.0,I'll continue testing transcript chunking and multilingual summarization.,Action_Item,
57,45,Ananya,36955.0,I'll complete regression testing and prepare the QA report.,Action_Item,
59,47,Aarav,37000.0,Let's target Friday evening for code freeze.,Decision,
60,48,Rahul,37018.0,That works for me.,Decision,
61,49,Priya,37028.0,Same here.,Decision,
62,50,Neha,37035.0,No issues from my side.,Information,
63,51,Ananya,37045.0,Works for QA as well.,Decision,
64,52,Aarav,37070.0,"Before we close, does anyone have any additional concerns?",Discussion,
65,53,Rahul,37090.0,Nothing from my side.,Information,
66,54,Priya,37098.0,All good.,Information,
67,55,Neha,37105.0,No additional updates.,Information,
68,56,Ananya,37120.0,Everything is covered.,Information,
70,57,Aarav,37145.0,"Thanks, everyone.",Summary,
71,57,Aarav,37145.0,We'll meet again next Monday to review the sprint outcomes.,Action_Item,
72,58,Rahul,37165.0,Thank you.,Summary,
74,60,Neha,37176.0,See you next week.,Summary,
75,61,Ananya,37185.0,Bye.,Summary,
43773,TS3008c,Speaker A,00:28:37,"Yeah, that's that's true, but but it has to be a little big solid. It mustn't be too, n you know, th too overwhelming, then when you put it on your just",Action_Item,
4153,EN2004a,Speaker C,00:48:05,"Yeah, on this one. No, not not the other one, this one. Yeah.",Information,
33844,IS1007d,Speaker D,00:26:32,"In the same set, yeah, and and individual buttons to make them work.",Discussion,
9956,ES2004d,Speaker B,00:29:50,teamwork. Well you two created that wonderful specimen of a Play-Doh model.,Discussion,
4510,EN2005a,Speaker D,01:07:45,Well how much AMI,Discussion,
28241,IS1001c,Speaker C,00:10:25,"Alright, you won't yeah. Usually what I have noticed that people put the plastic cover on things that you normally don't mess with, like buttons for t tuning the channels and stuff like that. Yeah. That you want to protect a bit.",Discussion,
19104,ES2015b,Speaker D,00:23:25,"Well I guess that's something we can all take back to our respective research. , and finally, whoops, my personal preferences and thoughts. , I think our priority really should be unique design. , we want something that people want in their home. Every remote control looks the same, so in my opinion it should be, , user-friendly and unique.",Discussion,
20921,IB4001,Speaker B,00:17:09,I think the middle one.,Discussion,
29660,IS1003c,Speaker C,00:03:36,"technology, such as speech recognition technology and gesture recognition technology, so we need to have coop some cooperation with some research institute on speech recognition and gesture recognition.",Action_Item,
26148,IN1014,Speaker D,00:44:02,"Yeah. Well but there is no day to respect. It's just to know I mean and if you can have early early warnings in the sense that if you see that there is a major problem somewhere. But is just to know in the sense that really this p this mm thing has been stop now for quite a long time. it n it took a long time to decide what kind of material. Now we have it. It's something that is a pretty good idea. We see that other people are working, et cetera. We are going to lose it some way if if we don't put some and very honestly yeah.",Decision,
49188,TS3012c,Speaker A,00:30:45,Would give us a light here. Maybe it's boring. You want it curved or what? Maybe you want,Discussion,
35968,TS3003d,Speaker B,00:11:27,"You got not not a butt button itself, but on the",Discussion,
10469,ES2005c,Speaker C,00:20:09,"a bit comfier, you know.",Discussion,
39950,TS3006b,Speaker A,00:04:03,Yeah. this is you?,Information,
41721,TS3007a,Speaker B,00:18:49,Is it possible to open pen drawings in this on this screen?,Information,
2569,EN2002b,Speaker D,00:15:34,"Yeah. Yeah. Oh yeah, I guess that was the other thing whether we wanna have this reorder by columns and all that. But that's a hassle too. It's a lot of work.",Information,
28689,IS1002b,Speaker A,00:32:50,"It i if it is gonna be somewhere that you put it down then it needs to be at the side of your armchair, and that implies that there's only one T_V_ user. So it's very good for some people but it's not a like",Information,
24049,IN1005,Speaker C,00:13:53,This is a r like a real task. Like like if if if this directory company would like to extend this directory to new pages without the hassle of having human labelling.,Action_Item,
7706,ES2002c,Speaker A,00:21:40,"Okay there's no restriction on the plastic, and it can't be curved on the wood. So that's again, I don't think you can use them in a combination, especially the titanium I I suspect they're very fixed to a particular need. So mixing them may not be a good idea yep. That's it.",Discussion,
41379,TS3006d,Speaker C,00:36:09,How the We did we do that?,Discussion,
3718,EN2003a,Speaker A,00:25:21,"for instance three people supervised by Bob Ladd, then it might be that then we are gonna have to contact Bob and say Bob, these three of your students are gonna be talking. presu presumably you want to be there. So can you give us a time that would be good for you? And then we can put them in a block at one time. 'Cause he says yeah, okay, Thursday afternoon I've got completely free. So I think we do need to stick everyone together, particularly if they've got the same supervisor. And it's also good if talks are on the same topic for a whole morning or a whole afternoon because then people will come along and go oh, this morning it's all on phonology or this morning it's all on applied linguistics. And then",Action_Item,
34920,IS1009c,Speaker B,00:05:51,"Okay. Now the function of a remote is to send messages to the television. This messages could be switch on-off message or switch to next channel message or swapping the channels or switching onto a particular channel, like you can have the numbers one, two, three, four, up to nine.",Information,
30611,IS1004b,Speaker B,00:17:35,"Yeah well we will have a bit of a simpler task in that we're only doing a television remote control. I think maybe one option is to have you know a little flip-open door that that you have hidden most of the time, but contains the extra buttons like, say, the number buttons for instance.",Action_Item,
35374,TS3003a,Speaker A,00:20:15,maybe you have to say the magic word.,Discussion,
36400,TS3004a,Speaker A,00:13:55,". so yeah, what what what's a remote control, it's just a black thing with some buttons on it, it's not nothing very special, but yeah, that's right.",Discussion,
47182,TS3011a,Speaker A,00:06:06,"well, it it's on the eraser now, so we click the pen button.",Discussion,
14873,ES2010b,Speaker A,00:11:22,"If it's within our price. Okay. Are we ready for our last presentation, Amber?",Information,
9587,ES2004c,Speaker A,00:29:20,"This is central one, the one you yeah volume and channel. So keep that m that standardised because that's the most common feature across all models, if you look at all the models, it's here.",Information,
33627,IS1007d,Speaker B,00:01:49,S so so I discussed with Guillaume.,Information,
7031,EN2009d,Speaker A,00:52:37,"Yeah, but you can",Discussion,
28893,IS1002c,Speaker D,00:17:45,Yeah yeah. I think it's that's right. I think so.,Discussion,
6828,EN2009d,Speaker C,00:28:43,Yes. So if there if mm-hmm.,Discussion,
13369,ES2008c,Speaker A,00:34:49,"Oh I di these are already in our shared folder, so.",Information,
22495,IB4010,Speaker A,00:18:45,"Joe Pesci I think, maybe? I think yeah, on the right, and the guy on the left is Ray Liotta.",Information,
40379,TS3006c,Speaker A,00:02:58,Yeah. Here we go again. Welcome. we have again three presentations and then we have to decide on what concepts the mobile phone has to f the remote control has to support. So who wants go.,Decision,
35486,TS3003b,Speaker B,00:14:37,twenty Euros or less . So it's possible.,Discussion,
1194,EN2001d,Speaker E,00:18:01,"it p it'd probably select it, yeah. It would make sense to do that.",Discussion,
42338,TS3007c,Speaker A,00:35:06,Like a like a moat or s or something. Yeah.,Discussion,
18594,ES2014d,Speaker D,00:20:52,Do you reckon a two?,Discussion,
11091,ES2006b,Speaker D,00:11:15,"Okay, that's fine, that's good.",Discussion,
41074,TS3006d,Speaker D,00:15:42,Yeah but that but that's the fun part of it.,Discussion,
3217,EN2002d,Speaker A,00:08:45,It's just very quiet.,Discussion,
12683,ES2007d,Speaker C,00:10:30,"It's ergonomic, but that's not that's that's a design that's a des that's a design thing, yeah.",Discussion,
44774,TS3009a,Speaker C,00:19:11,A big recognisable button on top or something.,Information,
31938,IS1005c,Speaker A,00:26:26,"Like doing a spongy layer of the banana, and you open it.",Discussion,
46830,TS3010c,Speaker A,00:28:54,"So, after this meeting you have half an hour to fix it.",Information,
25576,IN1013,Speaker A,00:13:56,"..No no. I think I think I think I think CELP or CELP or however you pronounce that. It's about forty eight hundred I think. Yeah. Well the standard's forty eight hundred or something, yeah. Yeah.",Discussion,
28907,IS1002c,Speaker D,00:20:16,I don't see the necessity of an L_C_D_ either. Don't see it.,Discussion,
20818,IB4001,Speaker B,00:09:01,"Well, the third option is just completely mix everyone up, which some people say is better sort of for a group environment, so that you are not stuck only with the people who are working on your project. Right. So if you share an office with someone who's on a completely different project, you find out about that project, but you also sort of interact with other people on a more regular basis.",Information,
18960,ES2015a,Speaker A,00:17:06,Any ideas will do that you have at this point.,Action_Item,
12648,ES2007d,Speaker A,00:05:57,"And the electronics, we decided on it being just a simple, the easiest",Decision,
2338,EN2002a,Speaker B,00:31:10,"Next yeah, this Monday. Just",Information,
39702,TS3006a,Speaker C,00:01:33,"Oh yeah, we have to talk in English, huh.",Information,
14111,ES2009b,Speaker C,00:13:09,A little sticky pad to stick on top of your television. And you just say something to into that and it,Information,
16736,ES2012c,Speaker A,00:19:03,"Fingers, yeah. I mean it's it's",Discussion,
30680,IS1004b,Speaker B,00:30:53,"'Cause you can have things like the programme name instead of the channel numbers, like an interactive programme guide.",Discussion,
28567,IS1002b,Speaker C,00:13:03,"Yeah, but it's not happen yet. Yeah.",Discussion,
26850,IS1000b,Speaker A,00:10:00,"One thing it goes on to talk about, which is interesting, is the hang on a minute.",Information,
22258,IB4005,Speaker B,00:27:40,Do you know if it's possible. Yeah.,Discussion,
14044,ES2009a,Speaker A,00:22:41,"Right so let's go ahead and wrap that up here for now, I'm gonna put these initial ideas that we've got in the project documents, so if you guys wa need a reminder about what we've talked about the different you know kind of trade-offs that we've got and the other ideas, you can consult them at your leisure.",Information,
35067,IS1009d,Speaker C,00:05:56,so this is our what we have made. This is a model of the remote control which we are going to build. this is us in a snail shape so it it is attractive and it's it's blue in colour bright and it has yellow buttons and all the different colour buttons so it is a a looks-wise it is beautiful. and also compact in shape. and also i it it will be easily fit into into the hands and you can access all the buttons easily.,Action_Item,
23124,IB4011,Speaker D,00:30:33,"where th th th there's there is some information. At the bottom we can see that , do you know Mondre Montreux English Movie Club? I said that people can contact us to to get to the committee and select movies.",Information,
46054,TS3009d,Speaker C,00:17:41,"Well you have to use the advanced chip, if you have the L_C_D_ screen.",Discussion,
46169,TS3009d,Speaker C,00:24:26,"Its it's ridiculous actually, but",Discussion,
44361,TS3008d,Speaker A,00:32:14,"Yeah, okay, you can also do that, but maybe",Discussion,
8796,ES2003d,Speaker A,00:12:26,Mm-hmm I suppose o one thing that could be done is h is have it circular and have it s so that the the pink actually goes a bit over the pinkie finger. Mm. So that th,Information,
40066,TS3006b,Speaker D,00:16:33,How do you mean?,Discussion,
36477,TS3004a,Speaker D,00:21:01,"Yeah, it's also about strength and for everything .",Discussion,
13998,ES2009a,Speaker D,00:16:50,"Well it's pretty much given it's gonna be universal right, we decided that already and it may be functioning for other things,",Decision,
17736,ES2013d,Speaker A,00:26:09,So we need one of them.,Discussion,
15942,ES2011c,Speaker C,00:15:11,But can't you just get,Discussion,
7923,ES2002d,Speaker A,00:06:05,"Audio, we have like your basic y your base, your mid-range, your high range.",Discussion,
4180,EN2004a,Speaker D,00:52:12,"So do we just open the file as we open the files for the first pass, like open up the sound file and then it sh",Discussion,
31767,IS1005b,Speaker B,00:33:17,"and and it would probably be worth to to set the timing on the remote, no?",Discussion,
20602,ES2016d,Speaker D,00:12:33,Okay. Are we technologically innovative?,Information,
43223,TS3008b,Speaker A,00:15:12,"what the problem is. We haven't got remote controls for Well I think, yeah.",Information,
32875,IS1006d,Speaker D,00:20:06,"It's flat, and curved.",Discussion,
18693,ES2014d,Speaker B,00:29:08,Whatever fruit was in fashion next year.,Information,
43805,TS3008c,Speaker C,00:30:26,"Yes, b bu but when we use s soft",Discussion,
40274,TS3006b,Speaker D,00:34:02,"But we should place the screen on top, right?",Discussion,
31313,IS1004d,Speaker D,00:18:46,"Six, so it's five point five, or less.",Discussion,
373,EN2001a,Speaker D,00:53:34,"I'll see if I can S_C_P_ it, I suppose.",Discussion,
41353,TS3006d,Speaker D,00:34:17,Where did we start with price? Twenty six and a half.,Discussion,
37896,TS3004d,Speaker D,00:38:48,Four in a row.,Discussion,
24352,IN1007,Speaker A,00:19:37,And the biggest problem currently is that the carrier is actually not cosine but something little bit more interesting.,Information,
33018,IS1006d,Speaker B,00:28:36,"Not to waste time, that's important.",Information,
26300,IN1016,Speaker A,00:15:09,If the speaker is actually talking about what is in the slides or not.,Information,
31129,IS1004d,Speaker C,00:06:15,Yeah. And we have put these different colours so that people don't mistake them mistake it as a banana. Otherwise it's you know a child comes and so,Information,
49426,TS3012d,Speaker A,00:12:42,This we discussed just now.,Information,
20560,ES2016d,Speaker B,00:09:14,"It's very intuitive, I think yeah.",Discussion,
23851,IN1002,Speaker B,00:28:19,"the paper was just for clean speech, but since I had the results before and I cannot copy these things, because I t I talked with Herve and he said okay, actually the numbers are not very reasonable because they are just thirteen P_L_P_ features and we have to have at least something which is known for people. I mean they are expecting something around ninety, eighty seven or something like this. so I anyway, I had to re to redo all the experiments, but now it's a little bit more difficult, because before I had posteriors and now we have two more steps, P_L_P_s and and and posteriors, so.",Information,
6808,EN2009d,Speaker C,00:26:17,but number well the duration time as well somehow. Whether it's the average one or,Discussion,
41512,TS3006d,Speaker A,00:45:20,Okay and was that due to my leadership?,Information,
38168,TS3005b,Speaker D,00:13:57,"The last but not least, younger people are more critical about the features. Because they use the remote control often more often, and are more technical than the ol older people. And the older people spend more money, and easily on a remote control. So we have to keep in mind to to focus not a lot not that much on the younger pep younger people, but also somewhat on the elderly people. And on my personal preferences, I don't have any mo more time to come with that, but like I said, L_C_D_ screen is easily to use because you have you can implement a lot of buttons in one remote with not that much buttons.",Information,
19875,ES2015d,Speaker B,00:28:49,The fruit and veg idea.,Discussion,
42257,TS3007c,Speaker D,00:25:32,It automatically goes Yeah.,Discussion,
49473,TS3012d,Speaker D,00:16:20,So it's a one or a I don't know.,Discussion,
26454,IN1016,Speaker B,00:42:58,"Tables, number. , visual things. Well, that's for example with we submitted a project with J Jean-Marc to use that thing as meta-data. And basically one thing for example we're trying to do and and again, this is something that can fit, huh. It will be not maybe. But but if you get the project, et cetera in any case it's something that Jean-Marc and me we want to do. based on the kind of graphic object you have, so tables, questions, figures, plots, et cetera the side one for example, it is a result.",Summary,
31075,IS1004d,Speaker A,00:00:25,Okay. Good afternoon again.,Discussion,
11894,ES2006d,Speaker C,00:32:27,"I don't see why you can't stay here, really.",Discussion,
23161,IB4011,Speaker B,00:33:41,"Well, at least voted for it.",Discussion,
38284,TS3005b,Speaker C,00:23:40,"A sh but in a sub sub-menu or something like that. I think it's also important to make it possible to how do you call it in English, ,",Information,
34183,IS1008b,Speaker A,00:21:14,"Yeah, so you are finish, Ed, so I can",Information,
32856,IS1006d,Speaker A,00:19:13,"Yeah yeah, but the price is two. Oh, number. Sorry sorry sorry. I'm sorry.",Information,
47814,TS3011c,Speaker C,00:28:44,"Yes, they can work. They cannot work with double-curved. That's that's problem. I'll check it for you.",Discussion,
9083,ES2004a,Speaker C,00:06:18,"Okay, now I'm gonna have to change what is was originally gonna be because that looks like a beak now, so.",Information,
19640,ES2015d,Speaker B,00:12:18,Yeah. Totally. It's really adaptable.,Discussion,
31246,IS1004d,Speaker B,00:15:06,", okay, definitely easy to use.",Discussion,
46176,TS3009d,Speaker A,00:24:53,"yeah well I think so also. I al I I've filled that in in a the questionnaires each time, so Well the managers were terrible.",Information,
12262,ES2007b,Speaker A,00:26:23,"Not necessarily even if i it just has to ye but you have to look at the product and instantly know that it's one of our products as opposed to a Sony product or a, you know, a Panasonic product. It's got to so maybe, so you can have a look at our our other products and see if they all follow a s similar vein, perhaps.",Discussion,
22708,IB4010,Speaker D,00:37:40,"So actually here you on this the first poster you can see the actors from the movie, I don't know if you know some of them, so Jeff Bridges at the top, Goodman is the second one, the b the big guy. Then Turturro, and the last one is Buscemi, and I don't remember the name of the girl.",Information,
28115,IS1001b,Speaker A,00:30:09,Yeah. Because you have your previous channel button if you have incremental only it's not it isn't worth it because the previous channel is eith either minus one or plus one. So I think we need also digits. Maybe we we can make very obvious the channel and volume button button and smaller button down there with the the digits.,Information,
22803,IB4010,Speaker C,00:46:16,"Yeah, and I would eliminate",Discussion,
29757,IS1003c,Speaker B,00:10:26,"But I think that, you know, switching from one country to to another will be a problem, so although y y",Discussion,
39601,TS3005d,Speaker D,00:37:35,"That's yeah, no prob. .",Discussion,
37536,TS3004d,Speaker D,00:11:15,"There's one text button I prefer. That's the one that you use if you search for a page, like seven hundred, and it's counting from one hundred to two hundred, you will switch to your television and back to text. Do you do you Did you think of that?",Information,
21660,IB4003,Speaker C,00:31:18,He means reading room.,Discussion,
47691,TS3011c,Speaker B,00:11:51,"So if you have the voice recognition, you can you can programme like thirty",Discussion,
21492,IB4003,Speaker C,00:07:13,And if we don't get this space then what happens?,Information,
25468,IN1012,Speaker B,00:50:33,"Yeah. So it's somebody and Simon King is playing with that, right, the t guy.",Information,
14849,ES2010b,Speaker A,00:08:53,It's okay. It's very important.,Discussion,
13095,ES2008b,Speaker C,00:33:09,well not hidden but they're,Discussion,
13804,ES2008d,Speaker B,00:39:50,"Or just just a wheel, you know.",Discussion,
9474,ES2004c,Speaker B,00:12:20,Well they're not designed,Discussion,
16366,ES2012a,Speaker A,00:01:38,"What's the the th th project is is here to do, is is to to get this this project up and moving, ev everybody is is free to say wh whatever they want, everybody has a contribution to make and",Information,
10861,ES2005d,Speaker D,00:22:08,What are we doing?,Information,
19295,ES2015c,Speaker A,00:11:42,Like people don't wanna have to worry about that.,Discussion,
20584,ES2016d,Speaker A,00:11:13,be changed depending on budget.,Discussion,
26732,IS1000a,Speaker B,00:17:48,want to get the feeling this is a twenty five Euro project pr,Information,
14417,ES2009d,Speaker C,00:05:17,", what other things do we see here, well, if you give it a touch it does have actually a bit of a spongy feel, , so I think that will work well with regards to our market. and let's see, well clearly there's gonna be some more colours and what not available. do you have anything else to add to that?",Discussion,
12485,ES2007c,Speaker D,00:27:27,"and as it's rubber the feel which is in this year is spongy, so it's it's not quite spongy, but spongy, I would say is yeah, so we're in.",Information,
25128,IN1012,Speaker A,00:10:35,"Yeah, thirty you can see you c you can't really like even you can't the models itself is like thirty eight times more than that, so. So y if you have like five megabytes or ten megabytes of models then yeah. But even I think it's really bit like impossible for the really big systems I guess, like storing storing itself.",Information,
43624,TS3008c,Speaker C,00:18:30,we can't make all ten designs. We have to make one design I th I I think.,Discussion,
10400,ES2005c,Speaker B,00:13:28,"i it will be easy because there will be, on L_C_D_ s screen, there will be different frent icons, they can just click ok okay, whatever they wa",Information,
1591,EN2001e,Speaker B,00:10:23,"Yeah, it did s it did summarise just now. It's just it's summarising stupidly, but at least it's jumping. Shall",Information,
43067,TS3008a,Speaker A,00:16:44,Different functions of of,Discussion,
36856,TS3004b,Speaker A,00:34:11,"And do we use a a what's it called? Like a iMac, if you can look through it. Or just a normal remote control.",Discussion,
43329,TS3008b,Speaker D,00:25:23,"Yeah, yeah, that's good one, yep.",Discussion,
676,EN2001b,Speaker A,00:04:59,"Yes, perhaps yeah, but I mean they're all very very similar, all those X_M_L_ files. I had a look at the for example A_S_",Discussion,
34471,IS1008d,Speaker A,00:08:50,"So maybe it's for some money we can utilise for our marketing, for the sales, okay, and",Information,
40534,TS3006c,Speaker C,00:20:33,Yeah. As well. You can make a trigger button or something like that.,Discussion,
13824,ES2008d,Speaker A,00:41:59,"Yeah, I was just kinda going by the web page, 'cause they didn't give me any clear, like yellow, grey, or.",Information,
30914,IS1004c,Speaker C,00:21:45,"So there there was there were many other materials like wood, titanium and all those things, but plastic is I think is the most appropriate one, it'll bring the cost down and anyway it's",Information,
10800,ES2005d,Speaker A,00:12:18,"so let's talk about our bonuses and the raises we're getting for this, right.",Information,
31555,IS1005a,Speaker A,00:13:43,you have a heart attack.,Discussion,
33875,IS1007d,Speaker B,00:30:07,Yeah or furry like a pet dog kind of thing.,Discussion,
3098,EN2002c,Speaker C,00:45:48,"Well the thing is also I mean if it's well yeah. Yeah okay, I see what you mean. and then we could actually put that like on the list of meetings that r get returned. If there were fifteen meetings with language is in, then it's gonna show you those and rank them as to which is the highest. So okay, I see that.",Information,
43917,TS3008c,Speaker A,00:38:34,But toilet paper roll and,Discussion,
33519,IS1007c,Speaker C,00:22:26,Yeah I I I think that well as we have seen in the in the presentation well about fifty percent of the of the percent n choose the button so I think to have five simple button is sufficient for our functionality.,Decision,
21507,IB4003,Speaker A,00:09:41,"Yeah. Yeah we Yeah. I I think that's Yeah, there is no real competition between the two, but we'll just try to find at least two solutions and see how how close they are, actually. It's it's I think well the m the people who who decided this thought it was the best solution to, mm well, you know, find two two kinds of opinions. Yeah. Well, we could have been eight h sitting around here and and talking, but I think it's it's more difficult.",Decision,
37040,TS3004c,Speaker C,00:17:11,And sports and gaming device style characteristics.,Information,
4921,EN2006a,Speaker B,00:22:30,"But then we still have to decide if we don't label the source, what do we do about the spectral features that define that source?",Decision,
11070,ES2006b,Speaker C,00:09:58,"Yeah, I thought those last minute things, they're gonna hit you the worst.",Discussion,
22264,IB4005,Speaker C,00:28:19,"Because remember there is also this Paola arriving on the new project. So, you know, Susan insisted that",Information,
15099,ES2010c,Speaker D,00:14:45,"Yeah, like using the menu to be like, enter your name into the screen like on the menu options. So that way the remote reads it.",Discussion,
41717,TS3007a,Speaker D,00:18:23,"Yeah. Yeah, I can find .",Discussion,
27759,IS1001a,Speaker B,00:00:31,Not too many cables and stuff.,Discussion,
7784,ES2002c,Speaker D,00:31:20,Well i I was just,Information,
20292,ES2016b,Speaker A,00:39:29,And Ryan you work on how how well they'll work with the us with the user. So both of those concepts.,Discussion,
9738,ES2004d,Speaker B,00:10:49,I would say two.,Discussion,
21457,IB4002,Speaker C,00:30:13,"if they prefer to be in front of, back to window or whatever. I mean, if we start doing that not happy",Discussion,
38683,TS3005c,Speaker D,00:22:58,"Yeah true, but Yeah, we have we have the zoom option, right?",Discussion,
35637,TS3003b,Speaker D,00:32:58,I think probably elderly people would be a little bit more careful with their remote controls than,Information,
5187,EN2006a,Speaker B,00:43:48,"I think there's gonna be a lot of those, which makes life simpler.",Information,
30304,IS1003d,Speaker B,00:25:56,It's easy to use. It's very easy to use.,Discussion,
39628,TS3005d,Speaker C,00:38:47,Make a r yeah.,Discussion,
39606,TS3005d,Speaker C,00:37:50,"Yeah, or the room for it was the idea to be creative, so",Information,
17590,ES2013d,Speaker A,00:10:52,"Oh I see, the on-off's in the back.",Discussion,
26271,IN1016,Speaker D,00:07:28,"No no no, don't go that. I I want the no, I want to understand what did you mean by the wo the te thing like saying that I took a dictionary and then a word from the slide and what you are looking for. I could not understand clearly clearly that.",Information,
35203,IS1009d,Speaker A,00:22:04,"And I don't know how we can evaluate that or how we can include that, too.",Discussion,
16819,ES2012c,Speaker A,00:29:55,"Then you just bring it up to your mouth and just speak to it, yeah, yeah.",Discussion,
22584,IB4010,Speaker C,00:24:44,What do we want?,Discussion,
45241,TS3009b,Speaker A,00:35:29,"Alright these functions. The number f Well yes, that's alright. W the number function. Are we going to do it like on Mike's screen with one button that says I'm going to do a t two number digital?",Action_Item,
37488,TS3004d,Speaker B,00:08:07,"You can do it that it claps open, but I think that's not solid enough. If that breaks then you're screwed.",Discussion,
42265,TS3007c,Speaker D,00:27:05,"If I got kids, and I could choose between two remote controls. One w with parent control and one without, and I would would buy the one with.",Decision,
11657,ES2006d,Speaker D,00:15:20,"Well mm we have we have the sample speaker as well, which is yeah, it's kind of new.",Information,
34608,IS1009a,Speaker A,00:02:01,"Yes y opening, acquaintance, tool training well, the tools are, I think, we already I guess the tool is really our the computer, as far as I can see.",Information,
29792,IS1003c,Speaker A,00:13:29,"Yeah, why not? If it's",Discussion,
16965,ES2012d,Speaker A,00:11:51,Less buttons so it must be.,Action_Item,
6439,EN2009c,Speaker B,00:19:33,Yeah. S so in the worst case you may be able to make an argument if you actually need that week that you can collect in the mornings that week. Is this something that's known outside Ellen's head?,Information,
42249,TS3007c,Speaker D,00:24:41,"Something like that. And w when you want to use the parents option, you have to",Information,
48492,TS3012b,Speaker A,00:16:35,"Okay, universal is good. Speech recognition, I think it's very hard, because we're selling across multiple countries. So I think implementing speech recognition is such a small apparatus, it's very hard to do.",Information,
14307,ES2009c,Speaker A,00:19:57,"Otherwise, yeah, we just it just becomes cost prohibitive. What which, which do we suspect we should hold o we should hold on to?",Information,
459,EN2001a,Speaker D,01:06:06,"Then when whatever your algorithm is doing, as long as when you're working with utterances, you go for all the leaves, like then if you need something next up, so like a topic segment, you'd go to here. But if you were looking at say this one, so only went like this.",Information,
28087,IS1001b,Speaker B,00:27:20,Well if it is going to be just a T_V_ remote control it is going to be very simple.,Action_Item,
19147,ES2015b,Speaker B,00:29:56,Yeah. The same signalling. I mean,Discussion,
21959,IB4004,Speaker C,00:28:34,"Because there is regular there is regular occupancy, yeah.",Information,
28413,IS1001d,Speaker A,00:06:15,How much would you you don't answer to this questionnaire?,Information,
18161,ES2014c,Speaker A,00:03:13,"enable us to complete the project in time. We're gonna have effectively two pages, a front page which had the features that the the customers most wanted, and then the the backup features on the second page so that it could",Information,
31772,IS1005b,Speaker A,00:33:47,W In my opinion we should have only useful thing and Because apparently they want The simpler it's is better.,Information,
8219,ES2002d,Speaker A,00:34:50,"And the computer may not be conducive to a meeting because you tend to look at your computer and wanna have the urge to check something, you know, it's useful but",Information,
28088,IS1001b,Speaker A,00:27:23,Yeah okay. So yeah the key point here is simple.,Information,
45084,TS3009b,Speaker D,00:25:18,"Here, look at these numbers. The newest features are, like I said, are L_C_D_ and speech control.",Information,
16251,ES2011d,Speaker A,00:21:52,But I mean it do we have any other ideas about that?,Discussion,
30694,IS1004b,Speaker B,00:32:01,"Well no, but there are the electronic programme guides out there. They may not have pictures, but maybe they do. There's dependi it also depends on the country.",Information,
14164,ES2009b,Speaker C,00:21:22,We put fashion into electronics.,Discussion,
40047,TS3006b,Speaker C,00:13:17,The keys yeah? Alright. yeah well I was working on this before I got my information. So I was just working off the top of my head and using my colin common knowledge about remote controls.,Information,
21327,IB4002,Speaker D,00:20:02,So like that and then move you to,Discussion,
11355,ES2006c,Speaker B,00:21:39,Well I suppose you wouldn't get a remote an electric shock off your remote control if it was made of rubber.,Information,
28777,IS1002c,Speaker B,00:03:06,"So here are options for our power sources. You can use a basic battery, which we've already discussed, th our tech department also said we have the option of doing some kind of hand dynamo where maybe you crank it or something like that. I don't know if that's really I don't know we got some qu crazy guys down there in that department so",Information,
22605,IB4010,Speaker D,00:26:34,"discuss about your document, maybe?",Information,
17774,ES2013d,Speaker C,00:30:41,"to keep a simple old technology, which if it works perfectly well I see no point in improving on if it works, so.",Information,
35114,IS1009d,Speaker D,00:11:51,"F f okay. Right, very good.",Discussion,
246,EN2001a,Speaker E,00:39:31,Who's who's sort of doing the the the central coordination of of of the browser application now? Like,Discussion,
27958,IS1001b,Speaker B,00:10:02,What kind of task was it? It was a T_V_?,Action_Item,
14306,ES2009c,Speaker A,00:19:51,Well if we're gonna pick betwe e alright so we have to pick between one of the two. .,Discussion,
28058,IS1001b,Speaker C,00:22:24,"But yeah maybe and what about if we design a remote control which can be configure as you want? You say that I want, I have six button",Information,
38566,TS3005c,Speaker C,00:09:58,Okay so it d it doesn't says to have the slogan?,Discussion,
19381,ES2015c,Speaker D,00:23:12,", the temporary light-up idea, sounds like we're gonna stick to that. And then, , tying in a trendy look with user-friendliness.",Discussion,
18344,ES2014c,Speaker C,00:29:16,"Yeah and then you could have Oh but you still would have to have the logo on every new case, but you could have like pink cases for girls and red ones and things like that.",Discussion,
23192,IB4011,Speaker D,00:36:55,"No, Big Lebowski, I nominate.",Discussion,
24314,IN1007,Speaker D,00:16:22,If you go down?,Discussion,
6801,EN2009d,Speaker A,00:25:38,"Yeah, I d that's all he asked for. Yeah. Well, I think",Discussion,
36053,TS3003d,Speaker A,00:19:26,Looks a bit odd maybe.,Discussion,
16657,ES2012c,Speaker A,00:04:09,"and then , you know, f for the next meeting Kate will be looking at the the the s the look, feel and design, Kendra the",Discussion,
32267,IS1006b,Speaker D,00:20:54,Mm-hmm. Alright. Listening more.,Information,
7721,ES2002c,Speaker B,00:23:10,"Like a phone yeah, like the backlight in a phone. Okay cool.",Discussion,
16078,ES2011d,Speaker B,00:02:15,"This being the wheel that you use to change channels or volume or whatever. This is a button, serves as the power button if you hold it down, and if you just tap on it I think it brings up the menu.",Information,
14255,ES2009c,Speaker C,00:12:45,the jumbo universal remote control is almost impossible to misplace or lose.,Information,
1239,EN2001d,Speaker D,00:21:46,"Oh, it's all part of the same component that does that.",Discussion,
6795,EN2009d,Speaker C,00:24:51,"it it yes, it can do, but it's also looking at it within their their own behaviour to see, yeah.",Discussion,
7238,EN2009d,Speaker A,01:16:03,"Yeah, that's that's solved now. Yeah, test. We have to test.",Discussion,
32076,IS1006a,Speaker C,00:09:58,Maybe I think even we can keep two switches and then we can only make one working.,Discussion,
21228,IB4002,Speaker D,00:12:41,Either way. Well I don't know for splitting up,Discussion,
2502,EN2002b,Speaker B,00:07:58,Or maybe the speaker characterisation might get slimmer.,Information,
14367,ES2009c,Speaker B,00:28:07,"So are we gonna are we talking we need to figure out what kind of buttons we're going to use, are we going to use scroll buttons? Rubber buttons?",Action_Item,
41637,TS3007a,Speaker B,00:11:44,It's inside its shell. You'll be finished sooner.,Information,
28380,IS1001d,Speaker A,00:01:46,with the conclusion of this project and see whether it fits,Information,
27063,IS1000c,Speaker B,00:02:34,So who has the fir do you ha Anna do you have your presentation ready?,Discussion,
20533,ES2016d,Speaker A,00:05:39,Or not luckily. do you have a marketing presentation for us.,Discussion,
8197,ES2002d,Speaker C,00:32:42,But the b the b whiteboard could've actually been this kind of continuing,Information,
46938,TS3010d,Speaker D,00:03:41,", yeah. Well, we , I have thinked a few evaluation criterias, based on our marketing strategy, on the latest trends, on user preferences.",Discussion,
8403,ES2003b,Speaker A,00:12:40,"of the joystick's going to do or wha or what each function button's going to do. , this is actually a again slightly taking inspiration off of games controllers, you know the Playstation control where you have four basic function buttons that are just marked with distinctive geometrical shapes but the and then dependent on what you're doing with it what game and so on those those functions are then sort of further specified. And so it's taking taking the lead from that.",Action_Item,
18103,ES2014b,Speaker B,00:34:47,Shall we have a mute button as well?,Discussion,
39873,TS3006a,Speaker A,00:17:34,Yeah? If you can mix it it's okay.,Discussion,
17732,ES2013d,Speaker A,00:25:52,"No, it just says push button interface. Button supplements, they'll be in a special colour of black.",Discussion,
15013,ES2010b,Speaker C,00:26:31,"Well, the other option is sort of like down at the bottom, like farther away, you just have this sort of box inset where it's like the buttons that you don't use as much, but occasionally you will use.",Information,
22940,IB4011,Speaker A,00:12:06,"Yeah, I've seen it.",Discussion,
44054,TS3008d,Speaker D,00:12:32,"Yeah, okay. Maybe the the logo.",Discussion,
42867,TS3007d,Speaker D,00:39:39,"Oh, you ha you have ten minutes left, I read.",Discussion,
44248,TS3008d,Speaker A,00:24:41,"simple chips, regular chips",Discussion,
3815,EN2004a,Speaker B,00:06:09,"Yeah. Yeah, I think that would be really helpful. That would help us , you know, nab a good number of those uncertainties.",Discussion,
44502,TS3008d,Speaker A,00:42:33,"Yeah, but you don't have to. Trust me. The idea of this technology is that you don't think about it, it just happens.",Information,
16336,ES2011d,Speaker C,00:30:01,Yeah I dunno. But they're they're okay.,Discussion,
44290,TS3008d,Speaker A,00:27:19,And I count them like this.,Information,
3565,EN2003a,Speaker A,00:02:10,"Yeah, we're gonna do that, but I think we should s probably send out separate calls, okay. So we'll send one, but weren't men I mean we could mention the fact that we're inviting other people, but I think it will probably just I mean it probably won't matter too much to the other linguists that we're having other people there. We can mention it, but it's not gonna be too essential and we might actually just end up making them worry that, you know, they're gonna lose their place or whatever, because I don't know.",Information,
40111,TS3006b,Speaker A,00:20:37,And left to right.,Discussion,
25760,IN1013,Speaker D,00:35:46,"Anyway. So But anyway, I I wanted to hear something maybe from you what you are doing f with speech coding because you were you mentioned that",Information,
14105,ES2009b,Speaker D,00:12:42,Is that only gonna be within our two hundred foot range then?,Information,
49127,TS3012c,Speaker A,00:26:19,Whatever. back to black.,Discussion,
28063,IS1001b,Speaker B,00:23:16,And there are another thing is that if we make something that's simple and easy to use that's bas to use immediately that means that it will be exactly the same as everything else. All right?,Information,
26187,IN1014,Speaker C,00:51:42,And it should be someone with experience in C_ plus plus M_F_C_.,Discussion,
10130,ES2005b,Speaker D,00:13:15,"It's for one T_V_ oh right okay, sure. And so the last thing I thought w which I quickly mentioned in the other one was maybe a bit of a gimmick to set us apart from other people, like glow-in-the-dark which does already e exist but it's not very widely used I don't think. Easy finder with the a whistle function or something, or rechargeable station because it's a pain when you run out of batteries. And I think that, yep, that's it. Okay?",Information,
48250,TS3011d,Speaker C,00:33:17,But how much time did we get for this meeting?,Information,
47989,TS3011d,Speaker C,00:10:34,"Well, b basically it when when this is our only option, we should even consider changing the casing, because I think there's very little added value in an enhanced case with these dull functions. So",Summary,
30081,IS1003d,Speaker D,00:11:23,Like if you want to go from,Discussion,
32855,IS1006d,Speaker C,00:19:12,"No, number is one. We need only one battery.",Information,
16711,ES2012c,Speaker A,00:15:13,"Okay. Sorry, d did you want to say anything? No? Okay. Shall we move rapidly on to Kendra? ra rapidly move the cable over.",Discussion,
3286,EN2002d,Speaker B,00:15:08,"No. Well, I can dr",Discussion,
13867,ES2009a,Speaker A,00:03:13,Cool. So I guess that that we're totally we're making a remote control which is thrilling but the idea is that we can make something based on the whole corporate model I dunno if you guys had time to check the in real life I dunno if you guys checked the the corporate website.,Information,
1605,EN2001e,Speaker D,00:13:11,"Yeah, that that is ancient data though. So",Information,
39848,TS3006a,Speaker B,00:15:30,and a and a good zapping range.,Discussion,
26819,IS1000b,Speaker A,00:06:30,users generally dislike the look and feel of their remote controls. seventy five u seventy five percent of users find most remote controls ugly. .,Information,
14258,ES2009c,Speaker C,00:13:28,"touch screen interface, possibly having go-to buttons being stuck into the system so those don't move away from the screen, , the important ones like power, volume and jump between channels. , and of course our voice command system which I've talked a little bit about already and the use of recognisable colours and shapes to aid recognition of the features that are around so",Information,
20335,ES2016c,Speaker A,00:09:56,"You have one with a flag, and one with a banana and one that's a spongy",Discussion,
24915,IN1009,Speaker C,00:05:24,"Hmm. Okay, so you are the expert.",Information,
4049,EN2004a,Speaker D,00:35:16,"Sometimes you get like an and it g you're not sure if it's an, an A_, yeah, or an m it Yeah.",Discussion,
18300,ES2014c,Speaker D,00:22:10,I've I've got some things to say about possible design things from,Discussion,
11259,ES2006c,Speaker C,00:04:36,"For a remote, 'cause you",Discussion,
44059,TS3008d,Speaker C,00:12:50,The all the aspects of the interface buttons were,Information,
7969,ES2002d,Speaker A,00:09:50,"do something on the T_V_, the T_V_ responds and reacts as well, so the user could be looking at the T_V_ and pushing his thing so we may not need to so when we scroll we need just some way to get the T_V_ to respond, which I think is a technically doable thing so",Action_Item,
5367,EN2006a,Speaker A,00:58:12,But t y are you arguing not to have anything with object in it though?,Information,
4109,EN2004a,Speaker D,00:41:45,"A_ Y_, alright, oops.",Discussion,
26877,IS1000b,Speaker D,00:12:02,So you had to to to summarise maybe the,Information,
12301,ES2007c,Speaker A,00:05:29,"Do sol solar panel things, do they have to work from the sun or can they work from a light bulb?",Discussion,
44564,TS3009a,Speaker A,00:02:27,"We have to design a new television remote control. You have heard that already I think, so. we want it to be original, so a nice a nice new design.",Information,
4276,EN2005a,Speaker D,00:15:44,"Right, but those are very those are really different theories that are at are trying to get at different things and it and they admit of m you know, some of them admit of multiple parties and some of them assume you're in one speaker's head. Right, and the",Information,
17539,ES2013c,Speaker D,00:37:54,That's why I was looking over your shoulder,Information,
10367,ES2005c,Speaker D,00:08:07,And we've got some pictures of some new remote controls to show you. Do I press Escape F_ five? Or just,Discussion,
13707,ES2008d,Speaker D,00:30:37,I like that it stands up.,Discussion,
47237,TS3011a,Speaker A,00:17:47,"Okay, so we're we're going business to consumer, not we're we're it's not a",Discussion,
17799,ES2014a,Speaker A,00:02:25,"Oh I see, so we shouldn't really be",Discussion,
1675,EN2001e,Speaker B,00:21:38,"'Cause that would be sort of the nice way to sit at home and have it forward the sound at the lowest bit rate to you. I mean seeing that it's over broad-band it's forwarding the graphics quite okay, it would probably like broad-band-wise, band-width-wise, probably work out.",Information,
13796,ES2008d,Speaker D,00:39:14,Can't really take it into the other room.,Discussion,
45536,TS3009c,Speaker A,00:22:32,"Yes, but we have to decide about these now. And the trend-watching. So as you said, fruity is in, well sells good. Wow. these things.",Decision,
24946,IN1009,Speaker A,00:09:26,But the last ones are always the,Information,
1525,EN2001e,Speaker B,00:03:04,Yes. So maybe that's where the problem is coming from.,Information,
12117,ES2007b,Speaker B,00:07:02,So we'll hear about that later from Gabriel. And the sender will send to the telly itself an infra-red signal to tell it to switch on or switch channels.,Discussion,
2692,EN2002b,Speaker C,00:27:29,"Mm yeah, maybe you're right. No.",Discussion,
26937,IS1000b,Speaker C,00:21:54,"So p as Anna has said that this ki people are interested in things which are you don't need to k press the keys, people are can have a speech recognition but this is s a question which will we have to see later. But in the present scenario is that you have certain keys and you press it like your mobile phone, and it sends a message to the T_V_. And so generally mm I don't have some figures sorry but so there are two kinds of remote if you popularly in the household, actually so you have a standard T_V_ remote where you have just a on, off button and play, volume change and keys for the number and more than one digit option.",Action_Item,
2137,EN2002a,Speaker A,00:13:24,"Yeah, that kinda makes sense.",Discussion,
24690,IN1008,Speaker D,00:33:34,"Yeah. 'Cause one problem if you use energy based methods, which is probably more the thing you've been using so far, is that it's not quite related to location. So you can have for one person you can have a high energy signal which is difficult to locate, and visa versa. I think in your case you're quite interested in the location. So I would advise to use more phase domain methods.",Information,
7794,ES2002c,Speaker D,00:33:17,"And this size here, I'd suggest this be small, like quite small.",Information,
675,EN2001b,Speaker B,00:04:53,the annotation about what what would it be s most similar to. Simply to the segmentation information or,Discussion,
3586,EN2003a,Speaker B,00:05:00,I mean 'cause I can't imagine there'd be an essential difference really between the,Discussion,
37157,TS3004c,Speaker B,00:25:09,"Yeah, okay. That fruit and veg, or",Discussion,
27409,IS1000d,Speaker A,00:19:13,And the other one?,Discussion,
41596,TS3007a,Speaker A,00:08:16,"No, it's not an orc.",Discussion,
22212,IB4005,Speaker D,00:23:24,"Yeah, Martin is fifty per cent.",Information,
10643,ES2005c,Speaker B,00:34:49,"working components. Oh, you didn't get that. I will send new. I'll put it in shared documents, again.",Information,
25533,IN1013,Speaker C,00:09:43,"The overlapping is different, right? Yep. Mm.",Information,
14219,ES2009c,Speaker D,00:06:29,"It's an option, but actually there's I've got some research already on like what we're looking at and trends in casing right now which actually might even come into play beforehand, it may help us decide for now. Temporarily anyway.",Decision,
40113,TS3006b,Speaker C,00:20:41,"Yeah exactly. I thought but this is really your department, that we need just the functional display and four cursors.",Information,
49133,TS3012c,Speaker A,00:26:48,"Okay. If we go for for round buttons in general, do we want to the menu key in the middle to be round? For example, if you let's see, put it this here. I think we'll go with the triangles that Come on.",Information,
3325,EN2002d,Speaker B,00:18:11,In fact it's a N_X_T_ package.,Information,
19979,ES2016a,Speaker B,00:12:41,"Right. One problem you'd get with this design is the ball is a nice idea because of it's stability really, but of course, since it's a ball, it'll roll, so we'd have to have it flat on one side at least, down here somewhere, take away that part. That's one of the big issues. Also also you risk the hinges here. That's that's a problem.",Information,
22988,IB4011,Speaker D,00:15:30,"She was pretty young, no? For.",Information,
45488,TS3009c,Speaker D,00:19:44,"Yeah, fine. Move on.",Discussion,
11523,ES2006d,Speaker A,00:03:15,"Yeah, well, but i since it's made of rubber anyway. I I think it's it's",Discussion,
3095,EN2002c,Speaker A,00:45:40,It doesn't have to be all intelligent.,Discussion,
32734,IS1006d,Speaker D,00:10:44,"Yeah, of course. What do you think?",Discussion,
41553,TS3007a,Speaker A,00:01:24,And Indeed. So they can see our faces. Okay.,Discussion,
34131,IS1008b,Speaker D,00:15:00,"But, price obviously we have to talk about.",Discussion,
14826,ES2010b,Speaker C,00:04:54,"And we can decide if that's what we want,, if we want to include that on the remote, if that's something that would stay on the T_V_ itself, for example.",Decision,
17267,ES2013b,Speaker A,00:29:24,Throw some light on that.,Discussion,
37705,TS3004d,Speaker A,00:22:20,"If you Can you save it on the same, in the same map as the other ones? In the the project map?",Discussion,
7598,ES2002b,Speaker B,00:34:57,"Okay, so brightness, contrast, things like that, and then just actual device things, like what channel you're watching, turning on an off, stuff like that. Okay,",Discussion,
36031,TS3003d,Speaker B,00:17:13,"Yeah, or we have to skip the subtitle button.",Discussion,
45779,TS3009c,Speaker C,00:37:33,What are you doing chief?,Information,
21944,IB4004,Speaker D,00:27:43,"okay, it has two doors. Yeah, that's true.",Discussion,
7438,ES2002b,Speaker A,00:03:22,"Nope, we're all set.",Discussion,
484,EN2001a,Speaker A,01:09:09,I've gotten mm hardly any,Discussion,
48284,TS3012a,Speaker A,00:01:47,"So we put the fashion in electronics. So that's what we need to go for. Anyway, we'll take this project in three steps, three pha three phase of design. First step will be the functional design. And that's basically what we're gonna do. Everybody has a piece of individual work and a meeting afterwards, so we can share information about So I'm gonna keep this short, since we had a technical problem. So skip through this.",Action_Item,
6789,EN2009d,Speaker A,00:24:06,"No no. This is this is still summary data. They're he's we're talking about just adding attributes to these things that say the number of fixations that counted as that looking at triangle one, right. So y it's possible",Summary,
1417,EN2001d,Speaker A,00:43:20,Because at the moment we all produce the numbers for each meeting separately.,Information,
12285,ES2007c,Speaker A,00:02:39,"Okay, right, well, I take it that you are all ready now. alright first off we'll just recap from our last meeting. which was we got together just to basically decide on well to talk about what it is that we were actually supposed to be doing, and who we all are and stuff like that, mm get bit more of an idea together of what's going on.",Decision,
20203,ES2016b,Speaker A,00:27:16,Did you have time earlier to to work on that. Did you guys feel you have enough time in between our meetings to get everything done that you need to get done?,Action_Item,
48536,TS3012b,Speaker A,00:22:07,"Yeah, that's true. I think so we need to put some research into that if if we can open the menu, I think it's possible, just the way how to. Yeah, then then you could do everything I suppose, because usually the T_V_s have tha that inside in this other little piece of software, so it's okay.",Action_Item,
18889,ES2015a,Speaker B,00:05:57,Yeah. Got those notes.,Discussion,
37052,TS3004c,Speaker C,00:17:58,"That's just a matter of tastes, but",Discussion,
49262,TS3012c,Speaker A,00:36:14,"Hmm. Okay, I think we're everybody satisfied with the with the current design we have? So we're s supposed to be rubber. I think well, I think the the remote control is gonna be black because we we forgot to talk about I mean the the company colours are important apparently. So we have the logo up there. So are we gonna base colour is black?",Information,
13362,ES2008c,Speaker C,00:34:05,I think maybe numbers seems is kind of old-fashioned.,Information,
993,EN2001b,Speaker C,00:47:29,"We could even yeah, we could even have a look at our different measures, if they",Discussion,
32014,IS1006a,Speaker C,00:05:09,"Yeah, we're to sell two million then.",Discussion,
12745,ES2007d,Speaker A,00:15:01,"No, I think when this meeting's finished like officially, there b we'll get a questionnaire to fill in. Or six,",Information,
26618,IS1000a,Speaker B,00:06:18,"So, the general outline of new project will be we first go through a functional design phase.",Discussion,
18288,ES2014c,Speaker C,00:20:43,"I think the thing was that if you decide to do this, to have triangular buttons, somebody might look at this one and say oh well this triangular button is pointing up, and that's the first thing that they see",Decision,
31943,IS1005c,Speaker B,00:27:22,Well is it possible to make it soft?,Information,
5678,EN2006b,Speaker C,00:23:08,"Yeah, that's for things marked with and.",Discussion,
2605,EN2002b,Speaker B,00:19:41,"The removing the disfluencies, have you done anything with that yet? Anybody. 'Cause I was wondering how we're gonna write it back to H_T_M_L_ I mean X_M_L_, if we take if we did the processing.",Information,
901,EN2001b,Speaker A,00:33:25,Even though there are all the other same topics where it doesn't occur?,Information,
17165,ES2013b,Speaker C,00:15:08,"volume up, volume down and",Discussion,
2433,EN2002b,Speaker C,00:02:19,", b Let me see it. Oh, that's the same. Oh. Very good.",Discussion,
15324,ES2010d,Speaker D,00:05:05,"Oh wait, that's false.",Discussion,
31908,IS1005c,Speaker A,00:23:15,"our colour is more yellow, and the it should be easy to take in a hand, I thought about banana, or something like that, which is fruits, and",Information,
33994,IS1008a,Speaker B,00:13:17,", and then I guess build the plan based on all of that, because I think you need to take all the factors into account.",Action_Item,
4368,EN2005a,Speaker B,00:40:43,"Oh, so that's not a physical action, right? if I pick this up, which is a physical action, you can't reject that. What do you mean?",Action_Item,
2197,EN2002a,Speaker C,00:17:57,"Oh, I see. Yeah. You have to convert it to some sort of format, I suppose.",Discussion,
49078,TS3012c,Speaker A,00:21:17,I don't think the outside would be called as a curve really.,Discussion,
16817,ES2012c,Speaker A,00:29:36,"I think we d I think we decided that w we're actually going down both routes. That the we n we need the the manual controls and that they should be of that form, but that yeah.",Decision,
22703,IB4010,Speaker B,00:36:27,"No, but they say that Raymond Chandler wrote the novel. You see, it's the the last but one paragraph on your second page.",Discussion,
14622,ES2009d,Speaker D,00:27:20,"I am thinking outside the little square box though, with literally in like form I don't",Information,
39188,TS3005d,Speaker C,00:16:37,"Yeah, this this is hard to lose.",Information,
34904,IS1009c,Speaker A,00:03:13,"So the components of the thing should be button, bulbs, infra infra-red bulbs, battery, chips, wires, and maybe some kind of a holder",Discussion,
2794,EN2002c,Speaker A,00:12:05,"Yeah. Well, are you wanting to write that in directly or what what do you wanna do with that? If you wanna change my code.",Information,
18172,ES2014c,Speaker B,00:05:53,"that's one option, but I think that was gonna cost a little more. And then there's solar cells. as a final option. For the buttons, we have an integrated push button, which is Oh just to say all all these are supplied by Real Reaction. So I guess for the ease of for quickness and ease we should take them from at least like one of these options. so for the buttons there's an integrated push button, which I guess is just the same as the standard ones. This says it's similar to the button on the mouse for a normal for like like modern computer. there's a scroll wheel",Action_Item,
47708,TS3011c,Speaker C,00:16:06,"yes, it does. I'll come to that later. And we of course have the traditional solar power, which is just a piece of material on the remote control which transfers light energy into electricity. The user interface controls, of course we have the push-buttons and we also have scroll-wheels. And these scroll-wheels can also be integrated with buttons. So it's just like a mouse. You can scroll 'em, you can also push it.",Information,
28032,IS1001b,Speaker C,00:20:07,And also how much I think,Discussion,
4267,EN2005a,Speaker A,00:11:40,"Okay. So for that case, yeah yeah, so this might be a weak definition of interactivity. So if we could figure out if they are really interacti interacting with each other, or just incremental mm presentation of some information. So that's d different. We might yeah need a more strict or finer definition of interactivity. Yeah, ju for this use of the for the use of this term for the indicator of the degrees of interaction, I think for for the current proposal I think that it's just for distinguish between dialogues and monologues. 'Cause for these two types of discourse, the",Action_Item,
18803,ES2014d,Speaker C,00:41:40,kind of fancy thing that you could imagine designing.,Discussion,
275,EN2001a,Speaker D,00:42:46,Okay. So you ha yeah.,Discussion,
36793,TS3004b,Speaker B,00:30:32,That's important I think and,Discussion,
49670,TS3012d,Speaker B,00:33:30,Is it triple R_C_s? No.,Information,
44604,TS3009a,Speaker C,00:06:59,Oh I know it.,Discussion,
26893,IS1000b,Speaker C,00:13:39,Now you can move I think yeah.,Discussion,
43306,TS3008b,Speaker A,00:23:20,"Yeah, something or somethin special way to to zap through the it has to s it has to be yeah, and quick. You have to use it very quickly.",Discussion,
24103,IN1005,Speaker B,00:21:27,"words in varying sizes representing the probability of that topic for example. Try give the user these pieces of paper to get an idea of what these topics are, that's this P_ of W_ given Z_. And then you give them some pages, and say which one would you which piece of paper would you put that with, and then you get like an intuitive ide like how would a person cluster pages given the what these topics supposedly are. 'Cause i you've got something that's fixed, the the P_ of W_ given Z_ with respect to both models. So I was tr I was hoping you could use that to",Information,
19713,ES2015d,Speaker D,00:16:35,Yeah. Okay number six. Can someone read it out? Or,Discussion,
17066,ES2013a,Speaker B,00:10:10,"That that that's the sorta product we're talking about, one that will work for a in a home environment, for a T_V_s and",Discussion,
18576,ES2014d,Speaker A,00:18:18,"if you go for that, th that's at the high end 'cause that's point six, whereas down at just special colours is point two. Now you're trying to lose one point two, so it seems to me that if you're going for the sample sensors speaker, you're basically then having to go for the cheaper options on everything else.",Summary,
12395,ES2007c,Speaker C,00:15:40,"Yeah. We're giving them a way to burn off steam, basically, yeah.",Summary,
10587,ES2005c,Speaker A,00:30:23,"Great. as for the energy source , you know, almost every remote control uses just batteries, but we don't have to be limited by that. We can use a hand-dynamo. I don't know what that means, we crank it?",Discussion,
30926,IS1004c,Speaker D,00:22:43,I was thinking that the,Information,
41576,TS3007a,Speaker A,00:05:43,"important is that we use different colours, and different pen widths. Widths. Widths. Yes?",Information,
7372,ES2002a,Speaker D,00:11:10,"so I'm wondering right away, is selling twenty five Euros, is that sort of the thi is this gonna to be like the premium product kinda thing or",Information,
18254,ES2014c,Speaker C,00:16:56,"there's examples of those, but they don't look as sleek as other models. And there's no real advantage and because it impacts on other on the materials and the price it's not great.",Information,
48476,TS3012b,Speaker A,00:15:16,"Like you have a little just just a text only, not colour, just a little text thing so you can use your remote as a T_V_ guide. I'm not sure it's even possible, but maybe okay, make it Yeah, find a little compromise in that, but What did I write down? I think the p yeah, the beep is a very simple thing to imple implement, just make a button on your T_V_ and just hit the button, it beeps somewhere. I think it's easy to implement, we should go for that. speech recognition.",Information,
16483,ES2012b,Speaker A,00:11:44,a thought and it it cuts out,Discussion,
20714,ES2016d,Speaker B,00:21:04,There you go. Perfect.,Discussion,
31330,IS1004d,Speaker B,00:20:14,It's not very promising but you know,Information,
3250,EN2002d,Speaker B,00:12:38,"Yeah. Yeah, I mean just keep it simple as",Discussion,
33500,IS1007c,Speaker D,00:21:11,Yeah that's fine. Yeah. I mean that's,Discussion,
30750,IS1004c,Speaker B,00:04:37,What what do you mean by fruit and vegetables and spongy? What you mean clothe,Discussion,
28923,IS1002c,Speaker A,00:22:16,"Yeah and I guess th th the question th th that you're being asked right now is whether is the dock enough of a unique feature to be able to go out and sell that a a as a a very different product, or do we really need the scroll wheel as well? Because the scroll wheel comes at quite a cost.",Information,
8815,ES2003d,Speaker C,00:15:32,"I I mean it's not on here, but .",Discussion,
46075,TS3009d,Speaker A,00:18:42,"Says, his that was in the second meeting, I think.",Information,
34798,IS1009b,Speaker A,00:19:11,"Well, you don't have to.",Discussion,
15665,ES2011b,Speaker D,00:05:34,"And that's all I have to say about the matter, .",Discussion,
19762,ES2015d,Speaker A,00:19:41,Your thumb might get a little bit,Discussion,
43066,TS3008a,Speaker D,00:16:37,"grouped buttons, you know. All th all the buttons which apply to the text functions in in one",Information,
26778,IS1000a,Speaker D,00:23:32,"Yeah, but w w we want to design a new one. Mm.",Discussion,
21800,IB4004,Speaker A,00:15:35,So Agnes has worked,Discussion,
27380,IS1000d,Speaker B,00:16:53,In i in my opinion,Discussion,
10042,ES2005a,Speaker C,00:03:21,"basically how how it's made I_E_ like how you make it all in one, how what sort of materials are available to you whatever. And obviously, other instructions will come from the personal coach.",Summary,
35745,TS3003c,Speaker D,00:19:18,"asked if w they would, if people would pay more for speech recognition in a remote control. Well you can see here, our target group would not do that. So if that would increase the price for which we're selling our remote control",Information,
22328,IB4010,Speaker A,00:03:53,"And the two in particular that I would propose are,",Information,
10659,ES2005c,Speaker C,00:36:17,"I think we're almost done, yeah.",Discussion,
30112,IS1003d,Speaker C,00:13:01,"There's also a number, you know.",Discussion,
46963,TS3010d,Speaker D,00:06:48,It's a one. The first item.,Discussion,
40398,TS3006c,Speaker D,00:06:08,"So a k a small example. Kind of this this look. nothing about the buttons but just sponge kind of thing, and and some fruit and colours I dunno. Just made a quick design.",Information,
49151,TS3012c,Speaker B,00:28:22,"Yeah, you can. But it but it's not necessary, becau",Discussion,
45889,TS3009d,Speaker A,00:07:04,"fronts is a bit thicker, so th then it falls over your hands.",Information,
8168,ES2002d,Speaker C,00:28:12,"you know, innovative thought with. In in reality I think here the the different elements of leadership such as the the original b briefing and then the personal coach and the and then you know having having you with your the meeting agenda is actually quite a quite a quite a con confining framework to work within. And so it is leadership almost to the point of sort of disempowering the the the team member, so",Information,
27686,IS1000d,Speaker D,00:37:13,"I think it's going to be y y yeah it's th with the regular chip, yeah.",Action_Item,
6806,EN2009d,Speaker A,00:26:13,Okay. So it's the number of fixations the did you want the you,Discussion,
42849,TS3007d,Speaker D,00:37:25,is a d is a turtle is a decision decision system like,Decision,
3742,EN2003a,Speaker A,00:29:17,"Yeah, it's got a lot in there. But I think it does take a little bit of I mean I think sometimes maybe people need to be in Linux rather than Windows and so booting in and out",Action_Item,
24831,IN1008,Speaker B,00:52:12,At the end it it depends a bit what you want. If you are,Information,
44590,TS3009a,Speaker A,00:05:58,beast w I dunno what I'm going to design. Oh doesn't oh.,Action_Item,
42538,TS3007d,Speaker D,00:15:44,"Yeah, okay. Yeah, I I agree, I agree. Okay. Eight, the remote control has fresh, fruity colours.",Decision,
19985,ES2016a,Speaker A,00:13:28,"making you know getting rid of our weak points? What I mean would we just have a flat spot on the bottom of the ball? Not to put you on the spot, but",Discussion,
19451,ES2015c,Speaker D,00:29:38,Think it was called command interface.,Information,
4095,EN2004a,Speaker D,00:40:28,"Yeah, and the at symbol.",Discussion,
42687,TS3007d,Speaker D,00:25:01,"No, we can't go above that. Yeah?",Discussion,
40210,TS3006b,Speaker D,00:28:18,If you already programmed it. If you want to move it. Yeah that should be possible too. Yeah how do you call that? Mm?,Discussion,
38126,TS3005b,Speaker C,00:03:28,on a little print plate which makes a connection that,Information,
4824,EN2006a,Speaker B,00:14:41,"So I think it should be the same as that. If it's defined by a spectral feature, we should mark it.",Discussion,
33758,IS1007d,Speaker D,00:18:05,"if it is if it has a fancy look you could just tell me one, or if it is false, it doesn't it looks it doesn't look much fancy, then you could just tell me seven. So",Information,
17802,ES2014a,Speaker A,00:03:26,"the functional design, the conceptional design, and the detailed design. So",Discussion,
10852,ES2005d,Speaker D,00:20:41,Is that no is that not trends?,Information,
16696,ES2012c,Speaker A,00:11:52,I mean do w do we think that the voice technology is fundamental to the project?,Information,
28499,IS1002b,Speaker A,00:02:32,So does anyone have any overall,Discussion,
16322,ES2011d,Speaker D,00:28:54,"Yeah, like if everyone's given the same input I don't have a clue, anyway. what's next? Looks like oh no that's not",Discussion,
44154,TS3008d,Speaker D,00:19:13,"Well, it's n true. , I agree, m but",Decision,
5640,EN2006b,Speaker C,00:20:24,"oh, what have we done?",Discussion,
44426,TS3008d,Speaker D,00:37:21,"No. Well, we might want it, but",Discussion,
1784,EN2001e,Speaker A,00:39:13,"one problem I used to have is with all the yeahs. Because I mean obviously they all write it the same. So I was thinking perhaps at looking at the acoustic measures I have. So for example at my F_ zero deviation. But yeah, by now I just had a look at the yeah data and actually the average F_ zero deviation is only slightly higher for the positive ones than for the negative ones. I mean there is a p difference, but it's probably not significant enough to really make use of it. But I perhaps investigate some time still to",Information,
10225,ES2005b,Speaker C,00:27:20,So like a kind of backwards remote from the telly.,Discussion,
45080,TS3009b,Speaker A,00:25:08,"Well but because you say they their features are important, they want m a lot, but not",Information,
15861,ES2011c,Speaker B,00:02:54,", so we need some custom design parts, and other parts we'll just use standard. , I assume we'll be custom designing our case, probably a hard plastic or some other material case, to protect the remote and the locator.",Discussion,
24068,IN1005,Speaker C,00:17:18,So you you you you select D_ one so in this set which is the most similar to D_ two according to the distribution from one or the other model,Information,
7128,EN2009d,Speaker B,01:01:41,That actually helps. I mean that ni,Discussion,
29586,IS1003b,Speaker C,00:20:09,"So, is it okay for your presentation? Nothing else to to add?",Information,
10999,ES2006a,Speaker B,00:18:24,"You know, so something heading towards that, so it's not overly I mean I don't know what h most of the buttons do on my remote controls, so I figure how many do you need, you know?",Discussion,
938,EN2001b,Speaker B,00:38:14,"It it used is each word completely unique, like sort of does it treat each word, each occurrence of word, as a completely unique event. Or does it, I mean, no, it it has to, I mean, basically the the form of the word is important, right? We can't just replace the word by an arbitrary string.",Summary,
41831,TS3007b,Speaker C,00:09:40,"Could you use perhaps one button for multiple functions, like example pressing it in longer makes it switch to an different function for example.",Discussion,
25344,IN1012,Speaker D,00:37:58,"They have yeah, they have to do some test in their Mercedes, some speech recognition test, mm but it seems now they mm at least Daimler, they mostly work on dialogue management, but not much on features and recognition.",Discussion,
18951,ES2015a,Speaker B,00:15:55,"I always find that in our house the remote control always goes missing. It's always, where is the remote control? So maybe if you could have some kind of",Information,
14024,ES2009a,Speaker D,00:19:40,Yeah. Something really cool.,Discussion,
18043,ES2014b,Speaker A,00:27:46,"Do it via the email so that rather than coming you know If you get the information just before the next meeting that's fine. Come along with it in the next meeting, we can discuss it then and take whatever action is appropriate. But if you get it well before the next meeting, let everybody else know 'cause that might have an impact on their on what they come up with effectively at the next meeting. Okay.",Action_Item,
9970,ES2004d,Speaker A,00:31:34,I never thought of a remote control with a flip top.,Discussion,
3658,EN2003a,Speaker A,00:15:38,"the first-years who've only just arrived would do a poster. That would be a bit odd, wouldn't it?",Discussion,
46563,TS3010b,Speaker B,00:26:30,Well a power button?,Discussion,
27281,IS1000d,Speaker B,00:03:36,Great. Great. Oh ma maybe then you can start now with mm presenting your your designs.,Discussion,
40573,TS3006c,Speaker A,00:23:43,If you cover it with rubber.,Discussion,
16399,ES2012a,Speaker D,00:10:00,"Something that looks looks doesn't look like remote control. So if you want, something that looks like something that makes you think oh what's this? Like this pen doesn't really look like a pen, but it makes you think oh. So, sorry that's a bit vague.",Information,
18431,ES2014c,Speaker C,00:37:03,just the shape of the buttons.,Discussion,
28691,IS1002b,Speaker A,00:33:06,But it it takes away the ease of use of the remote to a certain extent. You have to l sort of remember. You have to d shift down the side of the couch to find it and put it back and,Discussion,
19757,ES2015d,Speaker D,00:19:18,", okay so we can we'll say yes it's one? Okay.",Discussion,
38883,TS3005c,Speaker A,00:37:10,work for that? Is there a standard colour?,Information,
19372,ES2015c,Speaker D,00:21:38,"So, just so you know, my method was mainly web web-based research this time around. I also spoke with fashion experts in Milan, New York and Paris. And I looked at the design reports from previous years, here at Real Remote. , just so c we can work off of them, see how fashions have changed.",Information,
19435,ES2015c,Speaker D,00:28:41,"Oh, is regular not simple?",Information,
15598,ES2011a,Speaker C,00:14:28,I guess they would go together somehow? I dunno.,Discussion,
33916,IS1008a,Speaker D,00:01:25,My name is Ed and I do accounting.,Information,
1254,EN2001d,Speaker B,00:23:03,I think this simple this simple st view that we get that you can just like pass things into and then check when they got clicked really.,Information,
2479,EN2002b,Speaker B,00:06:25,We don't think there's enough time.,Discussion,
24279,IN1007,Speaker D,00:10:38,"the tandem you plus minus half. Because that's that's just a P_L_P_s. And then there is a training with M_L_P_ that's taking some context of these P_L_P_ coefficients. So it's like feeding the P_L_ P_L_P_s or M_F_C_s, w whatever to M_L_P_ and taking some context. This is the tandem. So this set-up we also have here. I didn't experiment with this. But maybe you some more results oh it's Hemant who has the results on tandem I guess, no? Yeah, yeah. Right. Yeah. But I think the I think the most important results are already in the thesis he's writing. So so is there some somewhere. So this is tandem. then then what? And then there is the F_D_L_P_. Then we can talk more about.",Information,
15257,ES2010c,Speaker C,00:27:10,"The other option is, I don't know if you can see it but it's like if",Information,
32444,IS1006c,Speaker C,00:09:33,Oh. We have some limitations.,Discussion,
49635,TS3012d,Speaker C,00:30:56,"The Real Reactor, I don't find that that bad at all.",Discussion,
19679,ES2015d,Speaker D,00:14:34,Yeah the bottom could be like ch chopped a bit.,Discussion,
10975,ES2006a,Speaker C,00:13:15,"Yeah, I like the cow. I'm Jen.",Discussion,
23677,IN1002,Speaker A,00:11:20,"Yeah. No,. My said that enough is enough.",Information,
15366,ES2010d,Speaker A,00:06:45,"Well we don' have the you know, we can't say channel, and it changes the channel, channel eight.",Discussion,
26745,IS1000a,Speaker B,00:19:07,"So well I think w when we are working on the international market, in principle it has enough customers so when we have a good product we we could meet this this aim, I think.",Information,
36678,TS3004b,Speaker C,00:21:04,"Yeah, when you press it. So",Discussion,
41263,TS3006d,Speaker B,00:29:06,Oh. Wait a second. Oh. It's it's gone wrong.,Discussion,
14449,ES2009d,Speaker D,00:10:19,"Yep. It's still an option if we need it. Very cool, nice job.",Discussion,
13131,ES2008b,Speaker B,00:36:40,"Yeah, that's what I have as well, R Rose So.",Discussion,
45764,TS3009c,Speaker C,00:36:48,"That's a bit too much, but No, no no no, but I think this looks pretty nice actually. Of course, because it's my design but No our d our design, alright.",Information,
26625,IS1000a,Speaker B,00:07:16,notebooks and w n note blocks and we have here a,Discussion,
41670,TS3007a,Speaker A,00:14:11,I think he's gonna draw an elephant.,Discussion,
38552,TS3005c,Speaker C,00:07:00,Let's make it black.,Discussion,
23082,IB4011,Speaker D,00:26:10,Yep. Or or we have you have,Discussion,
9737,ES2004d,Speaker C,00:10:38,"Yeah, I'd yeah I'd probably put it two yeah, two or three. No, three. Three.",Discussion,
15415,ES2010d,Speaker A,00:10:30,Okay and we're gonna button supplements the buttons are no okay.,Information,
39910,TS3006b,Speaker A,00:00:41,"Yeah I received an email so I thought I I can't mail you so I thought I'd just drop it in the folder, but",Discussion,
12980,ES2008b,Speaker B,00:20:03,"Rose, do you think you can give me a hand with this?",Information,
49189,TS3012c,Speaker B,00:30:51,"Well, I think it looks better curved. But that's probably",Discussion,
10603,ES2005c,Speaker C,00:31:33,"I'm I'm with Raj on that, I think, you know, I've got I've got no I've got a north facing house, there's not really ever sun coming in my window.",Discussion,
8601,ES2003c,Speaker A,00:11:35,and the white board 'cause I actually I have some fairly concrete things,Discussion,
2760,EN2002c,Speaker C,00:08:46,"Right. Is this is it for the entire corpus? Or is it just like individual ones, like t one fi one object for okay. That's nice. Oh, each meeting, okay. Alright.",Information,
6261,EN2009b,Speaker B,00:33:04,"Okay. Oh yeah, c she 'cause she her stuff is getting blocked off the mailing list 'cause she's not mailing from her normal account.",Information,
37738,TS3004d,Speaker C,00:24:24,Like a a f banana kind of front.,Discussion,
41150,TS3006d,Speaker D,00:21:39,But but how do you change from volume to channel?,Discussion,
13554,ES2008d,Speaker D,00:19:17,"Alright, we also said simplicity, how w how well does it address just being simple?",Discussion,
21564,IB4003,Speaker A,00:20:14,"Yeah, I think it's quite a heavy transformation of the building.",Discussion,
22893,IB4011,Speaker A,00:07:18,"as many. Might have won more sort of minor awards, but at least the Academy Awards, it was nominated for five of them, but didn't win. Nevertheless still a good movie, still a good twist at the end, which Denis already gave away.",Information,
40176,TS3006b,Speaker D,00:25:21,"so we have sound, yeah? Channel programming.",Discussion,
8301,ES2003a,Speaker B,00:04:16,"Oh, , you can clip them to your belt.",Discussion,
32218,IS1006b,Speaker B,00:15:15,"W we'll have a screen with a back light which can change colours,",Information,
32323,IS1006b,Speaker A,00:29:52,"Sho to to train, okay.",Discussion,
20440,ES2016c,Speaker B,00:30:07,"Well we have it banana-shaped already, kind of. So",Discussion,
46276,TS3009d,Speaker C,00:30:07,"And but what if maybe this this board SMARTboard is malfunctioning or someone. But suppose it was working correctly, what would it be useful then, if it wasn't off all the time? A",Information,
44843,TS3009a,Speaker B,00:24:15,Oh oh right oh well I didn't use it.,Discussion,
4825,EN2006a,Speaker C,00:14:48,"But you wouldn't be able to point something in a spectrum and say that's a damped Lyman alpha absorber, unless you'd",Discussion,
27910,IS1001b,Speaker C,00:03:23,by hand? With the the whiteboard?,Discussion,
40154,TS3006b,Speaker C,00:24:02,Yeah so we we needed to integrate the sound and,Discussion,
6829,EN2009d,Speaker C,00:28:54,"But not looking at their individual and pr fact, they probably will avoid looking directly. Because if they're looking directly at it, it's obscuring",Information,
34546,IS1008d,Speaker C,00:17:29,No no. We definitely shouldn't do it in our factory.,Information,
47437,TS3011b,Speaker D,00:18:28,"Well, t we won't support teletext which which was the third-most the second-most used function.",Information,
42041,TS3007b,Speaker B,00:40:38,"Oh yeah, it's not connected to the",Discussion,
13926,ES2009a,Speaker A,00:10:36,"Oh, have you been home yet? They'll be like, say something British, and you're like oh shut up family.",Information,
36313,TS3004a,Speaker D,00:04:54,I can see it now.,Discussion,
18795,ES2014d,Speaker D,00:40:06,"Yeah. Well, we were finding out various things in",Discussion,
47248,TS3011a,Speaker B,00:19:07,They're very vu vulnerable.,Discussion,
23189,IB4011,Speaker D,00:36:38,"Okay, me I put two to American Beauty",Discussion,
21167,IB4002,Speaker C,00:07:13,"Yes, I'm doing a P_H_D_. Yes. Officially. .",Discussion,
39857,TS3006a,Speaker A,00:16:19,we can go ahead with what we have. I will summarise the things we discussed and put it in the project folder.,Discussion,
26793,IS1000b,Speaker B,00:03:22,"So I see all everybody's here, 'kay.",Discussion,
9047,ES2004a,Speaker B,00:00:10,Are we we're not allowed to dim the lights so people can see that a bit better?,Information,
45507,TS3009c,Speaker B,00:20:27,Well this is a terrible,Information,
36616,TS3004b,Speaker B,00:14:59,I dunno. I don't have I did,Discussion,
14271,ES2009c,Speaker B,00:15:47,I know. It's fun.,Discussion,
16802,ES2012c,Speaker A,00:28:28,Oh no that well there's the sim my my idea was something a b probably you know a bit fatter than this but sort of tha that sorta shape so that you can just sort of ho hold it.,Information,
16065,ES2011c,Speaker A,00:26:11,"talk about? Oh when we move on, you two are going to be playing with play-dough.",Action_Item,
27484,IS1000d,Speaker A,00:23:32,Give it a one? Yep.,Discussion,
13608,ES2008d,Speaker B,00:22:50,"Well, are we talking about on each colour combination or are we, you know, we'll like we'll have yellow and black. Is that two special colours?",Information,
3685,EN2003a,Speaker A,00:19:36,I mean I think the Informatics are definitely worth asking. th there's there's C_S_T_R_ and H_C_R_C_.,Discussion,
15022,ES2010b,Speaker C,00:27:22,And then add a,Discussion,
12255,ES2007b,Speaker D,00:25:59,"But if it's a R_R_, it would be Real Reaction, like if it had a symbol on it.",Action_Item,
41750,TS3007a,Speaker A,00:21:39,"But we have to keep an eye that it's at the beginning of such a project, it's it's it's very cool to talk about, well, this would be cool, that would be cool. but we must not lose sight of the the user friendly",Action_Item,
18327,ES2014c,Speaker A,00:26:53,"Was that in the sort of fashion sense that this Or was the spongy feel was that sort of fashion? It was, wasn't it? So the",Information,
3482,EN2002d,Speaker B,00:28:44,"But at the beginning, it when you haven't searched yet, is it is it just is it still divided into two and the bottom half is just just empty? Okay.",Information,
35111,IS1009d,Speaker D,00:11:37,And this brings the menu up on the screen? This brings the menu up on the screen and the orange ones are,Information,
38662,TS3005c,Speaker C,00:21:43,"Yeah, three quarters. So so you don't have to put your oh.",Discussion,
40963,TS3006d,Speaker A,00:09:28,"Yeah, and even if we drop three buttons from here, we still have to make some adjustments around here. So",Discussion,
38583,TS3005c,Speaker B,00:13:19,"I forgot that one. I thought I forgot something, but . And and the numbers, that should be a bit larger I think it's not really on scale and and so forth. an options button. And I thought the the button for teletext apar apart because it's not really options, I think. It's options is the settings of the remote and of the T_V_ and that kind of thing. So could call it settings or something. But this is a bit how I thought it. And the L_C_D_ somewhere on the remote. Perhaps we could be more curvy the remote perhaps should,",Discussion,
22716,IB4010,Speaker D,00:38:36,"Yeah, it's his family name and actually Jeffrey Lebowski and he's he's the there is a a story with another Lebowski that yeah.",Information,
32237,IS1006b,Speaker B,00:17:22,According to the distance. Yeah yeah yeah.,Information,
5750,EN2006b,Speaker B,00:29:04,That's not a separate source.,Discussion,
21760,IB4004,Speaker A,00:10:50,"Okay, so we would prefer the names. Okay I I don't want to influence you too much, but mm I'm perfectly happy to start with this as the basis and then change things.",Information,
8162,ES2002d,Speaker B,00:27:34,Very good. what about leadership?,Discussion,
32908,IS1006d,Speaker C,00:21:58,"Yeah. Then it automatically we can just do like you feel, it goes. And it will activate , plus, yeah, it's price is really",Information,
27578,IS1000d,Speaker B,00:29:13,"Yes, exactly like it. , so",Discussion,
35625,TS3003b,Speaker D,00:31:32,"And it wouldn't have to be touchscreen or a very expensive screen, but",Discussion,
25244,IN1012,Speaker B,00:26:34,"Oh well, it's it has been used for speech coding. Nob nobody use it for recognition stuff I think, I never heard that.",Discussion,
20316,ES2016c,Speaker A,00:05:55,Marketing? We're watching trends. I suppose that you can have this.,Information,
31483,IS1005a,Speaker A,00:01:28,"So I dunno, you can starts.",Discussion,
11816,ES2006d,Speaker A,00:26:11,I think it mm,Discussion,
3863,EN2004a,Speaker B,00:14:20,"Yeah. Well, I wouldn't bother to mark all of those instances though.",Discussion,
14632,ES2009d,Speaker A,00:27:59,I dunno about you guys but I felt like,Discussion,
36062,TS3003d,Speaker A,00:20:59,"So we make one for the volume, one for the channel.",Discussion,
22875,IB4011,Speaker B,00:05:50,"It's it's hard to tell. So that's your impression. Yeah. That's mine, but",Discussion,
37855,TS3004d,Speaker C,00:33:21,"Yeah, just brainstorming basically.",Summary,
11313,ES2006c,Speaker B,00:15:15,"Oh, it's like the iPod.",Discussion,
38659,TS3005c,Speaker B,00:21:36,Yeah it it's supposed to be bit s bit s bit Yeah.,Discussion,
15707,ES2011b,Speaker A,00:14:19,wha what well probably our target group and how it's gonna going to appeal to our target group and I dunno the the s the buttons and what it does and that sort of thing. So.,Action_Item,
15357,ES2010d,Speaker A,00:06:07,"Alright, average is two.",Information,
35719,TS3003c,Speaker A,00:15:44,So these are the points we have to discuss.,Information,
21766,IB4004,Speaker A,00:11:21,"Mm-hmm. Or actually, Pierrette is a woman too. Yeah, it's the feminine of Pierre.",Information,
28093,IS1001b,Speaker A,00:27:46,Yeah. Maybe switch T_V_ on and off,Discussion,
23399,IN1001,Speaker A,00:28:12,"okay, so maybe like here for instance it is a just reproduced two times .",Discussion,
12556,ES2007c,Speaker A,00:36:36,Okay. right well. It's we're we've still couple of minutes until our meeting's due to finish.,Information,
18297,ES2014c,Speaker C,00:21:51,and I think that's all I had to say for that.,Discussion,
10036,ES2005a,Speaker A,00:02:24,"'Cause I I know as you add more buttons to the remote it sometimes gets so big and clunky and there's just like a hundred buttons on it, or you could have a really small slim one but then you could lose it easily.",Discussion,
29657,IS1003c,Speaker C,00:03:09,"Yeah. It's hard f i it's easy for you to remember it. Or to recognise it, yeah.",Information,
49181,TS3012c,Speaker A,00:30:06,"Okay, so we want the remote to be the s the side view actually, what I'm gonna draw. So",Discussion,
15064,ES2010c,Speaker C,00:05:43,"Okay, looking at the interface concept, it's gonna be mostly examples of possibilities of where we can go with this. if you wanna start the next slide.",Information,
18911,ES2015a,Speaker D,00:08:03,"-oh, we have a good artist.",Information,
13134,ES2008b,Speaker D,00:36:56,"But if I open it and then save it, probably will be there. Oh wait, never mind you can't save it to the",Discussion,
21932,IB4004,Speaker A,00:26:21,"Except that we cannot read it, but",Discussion,
14526,ES2009d,Speaker A,00:19:18,What do you guys feel about the process?,Discussion,
34209,IS1008b,Speaker B,00:25:10,the only thing that I saw missing from your your research that we found was this ability to find the doggone thing when you need it.,Information,
15903,ES2011c,Speaker B,00:10:56,"They have to r wheel really fast. But I think the wheel goes through like a hundred channels, at least on theirs.",Discussion,
33957,IS1008a,Speaker A,00:06:26,"Yeah, but before we talk about the finance, okay, do you have some idea how we can sell this product or project in the market and how much is going to benefit to the company and of course it's to the individual also.",Action_Item,
37816,TS3004d,Speaker D,00:30:09,the prices could be twenty Euros or something now. And then,Discussion,
9138,ES2004a,Speaker A,00:13:35,You mean to save it lesser number.,Discussion,
45774,TS3009c,Speaker B,00:37:19,"the fourth one is empty, isn't it? Yeah.",Information,
10541,ES2005c,Speaker C,00:25:09,"Yes, or maybe it's just going a bit too far. I mean we are pushing it probably with funny fruit shapes. don't wanna sort of overkill.",Discussion,
30292,IS1003d,Speaker B,00:25:13,"The solar cells, r is i is it?",Information,
11957,ES2007a,Speaker A,00:08:26,I honestly can't draw for toffee. .,Discussion,
42868,TS3007d,Speaker D,00:39:43,You have now ten minutes left to finish up the end report.,Information,
1480,EN2001d,Speaker B,00:51:06,I think it would be cool if we could check the NITE clock f code or whatever code it is for this component and see if we can access those rate things and and do something useful with them and get notified when they change and stuff.,Discussion,
43575,TS3008c,Speaker A,00:12:59,"I think yeah, I don't know why, but I think that is that's t trendy too, because that's the mo it it you know, it's acc acc accentu , how do you say it?",Discussion,
37782,TS3004d,Speaker D,00:27:18,Yeah. So we are,Information,
13701,ES2008d,Speaker C,00:30:18,Break the stem off.,Discussion,
22335,IB4010,Speaker D,00:05:06,"It's the bald guy, the",Discussion,
45155,TS3009b,Speaker D,00:30:17,Th that's not a problem. When I draw here it Oh. Huh?,Discussion,
43951,TS3008d,Speaker C,00:04:15,It's a television. Yes.,Information,
376,EN2001a,Speaker E,00:53:43,Okay. Wh what connection do you have at home?,Discussion,
16949,ES2012d,Speaker D,00:10:48,So and also technologically innovative?,Discussion,
1792,EN2001e,Speaker A,00:41:00,No. it's only if they're used in different contexts.,Discussion,
8323,ES2003a,Speaker B,00:12:01,Okay. Now we better actually just get on with the the meat of the project. So I'm gonna guess that we've all used remote controls.,Discussion,
34140,IS1008b,Speaker B,00:16:13,so that y you know sen send power to it.,Discussion,
17666,ES2013d,Speaker B,00:19:37,"Yeah, I think they're different, aren't they?",Discussion,
23826,IN1002,Speaker D,00:26:09,"No, RAID five is better, I think. It l it levels.",Discussion,
4596,EN2005a,Speaker D,01:20:38,"you know, taken you know, the good features from, you know, both sides and and tried to put them together.",Discussion,
19519,ES2015d,Speaker A,00:01:23,"gave it. And talk about our finances, whether we were under or over our budget. I have a a spreadsheet where we can calculate our prices for every aspect of of what we've made, given our options. And evaluate the product, as a group. And",Discussion,
19919,ES2016a,Speaker C,00:02:19,"Hiya, I'm Ryan. I'm the User Interface Designer. likewise I've three different roles for each stage of design. the functional design is looking at the tex technical functions of a remote control. in the concept design, the user interface, how the user reacts with the the product. And the detailed design sort of like the user interface design, what they might be looking for, things like fashions, what makes wha how we're gonna make it special.",Discussion,
7381,ES2002a,Speaker D,00:12:02,Do we have any other background information on like how that compares to other,Discussion,
16851,ES2012c,Speaker A,00:33:36,"a custom chip, but given the the we've cut the functions down, that will hopefully not be too problematic, but given that technol technological innovation is important, then we need to, I'll say it again, technologically innovate.",Action_Item,
12171,ES2007b,Speaker A,00:15:14,"which I think it probably should be, even if it's a physical, you know, a f a like a f a physical switch or a physical cover for the remote, even something like that, then yes, it's like, you know, like s you said earlier on ab ab ab a flip thing, something like that, but you know being physical. Look into. I've had word down from head office that something that we should be centred well, something we should take into account is we've gotta keep the corporate image within this remote control unit. It's gotta d look like it's in the R_ and R_.",Discussion,
24059,IN1005,Speaker D,00:15:28,"And if it should improve it, if you say this feature extraction process is better than you can have a better cleaner separation between those two.",Action_Item,
29915,IS1003c,Speaker B,00:28:01,"I think the supplement can be the voice. It is just, you know, it is not the most important, but",Discussion,
48971,TS3012c,Speaker A,00:12:56,Looks like a Star Trek phaser.,Discussion,
47192,TS3011a,Speaker A,00:07:41,"Yep. Current colour, you can choose another colour. And for example",Decision,
43791,TS3008c,Speaker D,00:29:48,That's way too Nokia.,Discussion,
22727,IB4010,Speaker D,00:39:47,"so y y I don't know if you you cannot really see, but mm there is the the pricing information. So we said that one movie is eight Francs and three movies eighteen Francs. And we can have annual subscrip subscription of sixty Francs.",Information,
17307,ES2013b,Speaker C,00:34:31,"Alright, well that's fine then.",Discussion,
2818,EN2002c,Speaker C,00:15:01,Are you serious? That's a,Information,
19362,ES2015c,Speaker B,00:19:57,"I think it would be possible. I don't think it would make that much difference. I mean, the the dimensions of it. 'Cause if it's just like constructed in the same way as like the front cover of a mobile phone. You can like take off the hard cover and then there's the like say the buttons. And then you get to the circuit. I don't think it would matter that the buttons were bigger through the, the top casing. I'm sure you could f work it out to fit in the casing, without causing too much difficulty. I'm sure that'd be fine.",Discussion,
7804,ES2002c,Speaker B,00:34:15,"S so like cur slightly transparent case, so it's yellow, like tinted yellow, but you can maybe see through it. Is that what you mean?",Discussion,
30385,IS1003d,Speaker A,00:31:53,"Yeah th no, it's the it's the pineapple control remote control. It's a pineapple now, it has changed. It's a pineapple. Pineapple.",Discussion,
46524,TS3010b,Speaker D,00:20:16,"the second group is the older group. Aged between forty six and sixty five. They are less interested in new features. But they spend their money more easily. Now if we look back at this graph, we can see that among the first group is about sixty percent. And the second group about forty percent.",Information,
4008,EN2004a,Speaker C,00:30:43,Well it could be she would or should as well. Yeah.,Discussion,
48235,TS3011d,Speaker A,00:32:14,"no. Yeah, the project is evaluated. but, well, we need to redesign the product.",Action_Item,
14012,ES2009a,Speaker A,00:18:46,"all right. So. I li I'm liking that idea, this idea of a touch screen remote with multi-format features. .",Information,
42457,TS3007d,Speaker D,00:10:29,During the design design life-cycle we,Discussion,
12108,ES2007b,Speaker B,00:05:13,Are we getting i,Information,
33533,IS1007c,Speaker D,00:24:39,Yeah that has to be checked out.,Discussion,
27585,IS1000d,Speaker A,00:30:20,Mm. There's n yeah. 'Cause that's the that's the feature that could be included in either of them. Although it is more with the spongy buttons on the,Discussion,
26661,IS1000a,Speaker C,00:10:58,you forget about it.,Discussion,
40904,TS3006d,Speaker B,00:04:46,But but th the cost of one integrated button is far more than a few extra push-buttons.,Information,
17853,ES2014a,Speaker A,00:11:36,And so depending what the the overhead costs are will determine how many units we're looking to sell or projecting to sell at this point in time. So,Discussion,
46591,TS3010b,Speaker A,00:30:40,Maybe in the menu?,Discussion,
10497,ES2005c,Speaker A,00:21:55,So it'd look like this kinda.,Information,
13058,ES2008b,Speaker A,00:29:29,"So our target group, we're saying, fifteen to thirty five?",Discussion,
781,EN2001b,Speaker C,00:16:15,So you mean an a an attribute. Yeah.,Discussion,
11198,ES2006b,Speaker C,00:31:58,"So that you can yell at it, yeah.",Discussion,
4503,EN2005a,Speaker B,01:06:28,"-huh. Dialogue act, yeah.",Discussion,
48350,TS3012a,Speaker A,00:09:51,Not sure where the p. Just put 'em here. Whatever.,Discussion,
26802,IS1000b,Speaker D,00:04:12,So y you are the secretary also. Right? Okay.,Information,
40330,TS3006b,Speaker A,00:37:36,Yeah it's a lot of pressure.,Discussion,
4434,EN2005a,Speaker D,00:54:42,"So I mean I think it's clear that something at this level needs to be there. I mean and to ask questions, like who disagreed or were there any counter proposals or whatever. Even those kind of questions you need some kind of mark-up like this.",Decision,
122,EN2001a,Speaker E,00:20:21,chunks representing the individual meetings or some,Discussion,
3735,EN2003a,Speaker A,00:27:51,"Might even have to come in in the evening. But that's not the end of the world, but we might have to set some things up. Like maybe just get the chairs organised or whatever. We might actually have to go into the rooms and get things ready. And there's gonna be other things like getting the technology ready. So not only is there a pressure to have",Discussion,
41456,TS3006d,Speaker D,00:40:57,It's not very ideal.,Discussion,
39437,TS3005d,Speaker C,00:28:12,"You lose this one, you got eleven point five and you make i and then you can make the spec single curve, for example.",Information,
11659,ES2006d,Speaker C,00:15:27,"All of the components have been used in other things before. But do yeah, yeah.",Discussion,
25332,IN1012,Speaker A,00:36:56,But maybe my have a f for publishing another paper or something.,Discussion,
45032,TS3009b,Speaker B,00:20:59,For instance you couldn't see this.,Discussion,
32954,IS1006d,Speaker B,00:24:48,"So, was there result? Let's have a look.",Discussion,
43943,TS3008d,Speaker B,00:03:45,"Yeah well, I don't have time in anymore on the",Discussion,
23579,IN1001,Speaker C,00:50:30,"Yes. Yes. so just last question maybe, so this makes a X_M_L_ file. Okay. This is the the programme to to generating the X_M_L_ file and the the shot. And with the kayak you have one problems, you don't have the Real Media, so this is another thing.",Discussion,
725,EN2001b,Speaker B,00:10:05,No but w like so they are they are segments in what sense? Wh what's definition of a segment then?,Discussion,
45704,TS3009c,Speaker C,00:33:44,"Yeah it it should be hard on the on the on the board, and you can remove the front.",Discussion,
1821,EN2001e,Speaker A,00:45:02,But actually this all here is N_L_S_S_D_ because it was data A_ that didn't fit on my quota anymore. Okay.,Information,
33857,IS1007d,Speaker D,00:28:07,On the same P_C_B_ yeah yeah.,Discussion,
15082,ES2010c,Speaker B,00:09:31,It'll be copy of component design.,Discussion,
49111,TS3012c,Speaker B,00:25:12,L_C_D_ screen. This is the on off button.,Information,
18737,ES2014d,Speaker B,00:33:21,"Yeah, maybe we've m",Discussion,
40604,TS3006c,Speaker A,00:25:34,"Yeah. So the keywords are primary co colours, spongey?",Information,
13272,ES2008c,Speaker C,00:24:29,"Oh, I see, right, yeah. Oh, okay. Yeah, that's quite a good design.",Discussion,
8569,ES2003c,Speaker D,00:07:40,gonna spend the money,Discussion,
42862,TS3007d,Speaker A,00:39:02,"well, just about, because",Information,
20344,ES2016c,Speaker C,00:11:15,"I was sent some information from the company saying that they, the technology department have devised a new speech recognition technology, where you can program questions into such devices.",Information,
29567,IS1003b,Speaker A,00:18:36,But this was first step and,Information,
36267,TS3003d,Speaker A,00:40:51,Then we still have some questions. If somebody has some questions they can ask them now. Or we can put these in the project folder as well. Maybe that's,Discussion,
42442,TS3007d,Speaker C,00:09:02,"Yeah. Yeah, maybe yeah, perhaps you're right. , I I would I would actually agree with this sounds logical.",Decision,
7151,EN2009d,Speaker A,01:04:03,Okay. So what you're planning on doing it is bunging it on one of the Camtasia tracks and then splicing it off the Camtasia track.,Discussion,
35695,TS3003c,Speaker B,00:09:53,"And and for shifting up a sen c ch channel or for putting out sound or something, you can just give a sign say sound off or",Discussion,
31873,IS1005c,Speaker D,00:18:26,"So if we use s solar cells, where is the sun if someone's watching T_V_ inside?",Information,
37706,TS3004d,Speaker B,00:22:26,"Just save, save as?",Discussion,
11173,ES2006b,Speaker C,00:28:40,"Yeah, if we ta if we take fifteen to thirty five, but that then does imply that we should try and incorporate voice recognition. Is that gonna have a an implication for the technical specs?",Discussion,
9566,ES2004c,Speaker A,00:26:16,So basically not point or click,Summary,
24384,IN1007,Speaker B,00:24:00,Yeah. I think Hynek has got ma many papers or some papers over that. So Oh. In I think I read it.,Discussion,
23639,IN1002,Speaker B,00:04:34,"the the difference is that we do one more step, maybe I can explain it better there. So we do one more step here, and we here by means of another H_M_M_ we introduce some kind of prior knowledge and contextual information, we get better evidences than what i we initially had here, and then we do the decoding and the and s more informative posteriors instead of this one.",Discussion,
21568,IB4003,Speaker A,00:20:39,"Yeah, hopefully visitors don't need as much say filing space, or Yeah, they don't have that many papers. okay. So that's I have to to ask, so you don't really feel very strongly attached to this grouping by projects idea? Mm-hmm.",Information,
35805,TS3003c,Speaker A,00:26:41,maybe you can make a little drawing of it on the,Discussion,
31356,IS1004d,Speaker C,00:22:55,"So we have the regular chip on the print, which is one.",Information,
26909,IS1000b,Speaker D,00:17:36,So the the main components you see here are the cheapest I have found and,Information,
32787,IS1006d,Speaker B,00:14:00,"It's a jog dial for controlling the cursor on the L_C_D_ screen. Like, selecting the menus.",Discussion,
46191,TS3009d,Speaker D,00:25:39,"This this this isn't a SMARTboard, right?",Information,
14200,ES2009c,Speaker B,00:03:01,", the case, we have a few options, plastic, rubber or wood. and then as far as the way it's shaped, we can do standard boring flat, which we probably don't wanna do, curved or very sexy double curved.",Information,
34827,IS1009b,Speaker B,00:24:54,Timer. Yeah and then you can use a timer as well.,Discussion,
49660,TS3012d,Speaker C,00:32:53,I think I like it like this more.,Discussion,
45994,TS3009d,Speaker D,00:14:27,"Right, R_ R_S_I_ sensitive?",Discussion,
3025,EN2002c,Speaker A,00:38:46,"Yeah. Yeah, that sounds good.",Discussion,
26495,IN1016,Speaker C,00:49:36,"That's the intention, yep.",Discussion,
47464,TS3011b,Speaker A,00:21:38,"Yeah, draw draw it on the board.",Discussion,
18178,ES2014c,Speaker A,00:08:50,with the printed circuit boards you were going for the,Discussion,
6072,EN2009b,Speaker B,00:07:23,"-huh, okay. Very nice, very pretty. It doesn't get in the way of seeing what's underneath?",Discussion,
48172,TS3011d,Speaker A,00:25:43,Okay. we'll go further on with the the rest of the evaluation.,Discussion,
4880,EN2006a,Speaker B,00:19:36,Silicone two is an element rather than a,Information,
29009,IS1002c,Speaker A,00:31:20,"But you've gotta think who our target market is because I I'm not our target market. I'm a student, but",Discussion,
42282,TS3007c,Speaker C,00:29:51,"Yeah, that's true. That's true, but at same instant, same happens when you have remote control. So",Discussion,
36515,TS3004b,Speaker A,00:02:34,How do I I escape this s presentation?,Discussion,
20809,IB4001,Speaker B,00:07:47,Yeah. I mean the rooms aren't tiny if you look at the this,Information,
6046,EN2009b,Speaker C,00:03:50,"Wh a spare head? Or yes, but she's not around. So",Information,
28603,IS1002b,Speaker D,00:18:47,"Is that for over here? Okay, alright.",Information,
42593,TS3007d,Speaker B,00:19:12,Yeah? Cau 'cause so it's okay.,Discussion,
20681,ES2016d,Speaker A,00:18:29,Maybe it's one because of the,Discussion,
25414,IN1012,Speaker A,00:44:48,"Mm yeah. Yeah yeah, Fes yeah, I think I think you can do the Festival, you can just call like this there are different kind of again, how you call the Festival, so you can just give the full there is an too. So then you will get the all the caller and other things. If if you want to like read full text, then you can say like the full text, like those syntax and then it will speak till it finishes the text.",Discussion,
20237,ES2016b,Speaker A,00:32:34,"If you, if we want the remote to do other things like or I guess the T_V_ to be able to change the tint and the colour and you know all those kind of things that are built into T_V_s, we just have that under one standard menu button where you go in, press the menu button, scroll up and down to select it.",Information,
38579,TS3005c,Speaker B,00:12:53,"I tried to the L_C_D_ screen I tried to sort of to draw. I thought at least the icon for the volume. I don't know if there is an icon for the program, but yeah. So and then the buttons above and below the and the and the mute button also recognisable as an icon.",Information,
14653,ES2009d,Speaker B,00:29:30,"That was pretty cool, it was a high moment of the whole experiment.",Discussion,
44303,TS3008d,Speaker C,00:28:08,It's eighty percent of the price of the of the amount of,Discussion,
2961,EN2002c,Speaker C,00:31:33,"Like if you're looking for something speci like, is that what you're thinking? Like if they if they know exactly where they wanna go, they wanna go to, you know, that meeting on December third, and they just wanna go there and see stuff, then they can immediately go and browse that.",Discussion,
15565,ES2011a,Speaker A,00:11:56,"just like a magnet on the back of it and you could I mean j just to have some place to put it besides like a base. You know like a portable phone has a base, like just to have a home for it. 'Cause people just stick it on top of their T_V_, but the point of having a remote is not to have to walk over to the T_V_, so",Discussion,
48489,TS3012b,Speaker D,00:16:29,"Everyone wants to buy it, so we w yeah.",Discussion,
5874,EN2006b,Speaker C,00:38:06,"Yeah yeah, we aren't gonna make it to our second cookie break.",Information,
16264,ES2011d,Speaker C,00:23:00,Yeah the broccoli I guess wins.,Discussion,
13956,ES2009a,Speaker B,00:12:11,"Yeah, my grandparents lived on thirty second.",Information,
16002,ES2011c,Speaker D,00:20:30,Yeah I was thinking of getting a cover for,Discussion,
31923,IS1005c,Speaker B,00:24:49,"Yeah, m maybe the banana could be like a bit fatter than than the c c common one. But",Discussion,
23218,IB4011,Speaker D,00:38:17,We still have to decide for next meeting and we're all set.,Decision,
4554,EN2005a,Speaker B,01:14:38,"Oh yeah. Oh, I don't even know which one I've missed. Brussels, Amsterdam. T_N_O_, okay. See, I wasn't there. So I don't know where it was.",Information,
29522,IS1003b,Speaker A,00:13:18,"We've made a study, so could you go to next slide. Sorry for the functional recurrence. So that's the standard method for marketing, okay. We had one hundred subjects, , we observe their remote control use in a lab and then after all the experiments they had to fill up a questionnaire, ,",Discussion,
23121,IB4011,Speaker C,00:30:25,"But actually I'm I'm little bit missing th some information about our movie club, I think there should be some more information.",Discussion,
22781,IB4010,Speaker B,00:44:45,"so we have seven candidates. if you have a good short term memory that should be okay. Yeah. So Big Lebowski, Usual Suspects, Saving Private Ryan, Pulp Fiction, American Beauty, Schindler's List and Silence of the Lambs. So now let's vote. Should we vote just for one film or should each of us say give",Discussion,
30657,IS1004b,Speaker C,00:26:23,So if we go with just the,Discussion,
9021,ES2003d,Speaker A,00:35:33,Such as it is.,Information,
25163,IN1012,Speaker B,00:13:53,"O yeah, yeah, overlap.",Discussion,
6432,EN2009c,Speaker C,00:18:50,i th in theory JAST is meant to have it every morning.,Information,
46244,TS3009d,Speaker D,00:28:22,"Well these chairs, man. Really great.",Discussion,
45375,TS3009c,Speaker C,00:08:39,"discmans for jogging and that those kind of devices, gaming devices, should define the characteristics of the device. But since we don't have a really a sports or gaming device, so we don't really have to consider that.",Discussion,
15312,ES2010d,Speaker D,00:03:30,"Alright. so these are the criteria we're gonna ask, is it easy to use, is it fashionable yeah, I guess we should write these down so we can reference them.",Discussion,
18600,ES2014d,Speaker C,00:21:24,"Yeah, it's got the cherry and the sponginess.",Discussion,
27901,IS1001b,Speaker C,00:02:49,What do you have in short cut?,Summary,
42315,TS3007c,Speaker C,00:32:37,"Yeah. That is true, that is true.",Information,
2523,EN2002b,Speaker D,00:09:43,"Oh. Well if we're skipping the audio one, and then things got easier.",Discussion,
43830,TS3008c,Speaker D,00:32:06,"Oh, yeah. Okay, yeah.",Discussion,
9428,ES2004c,Speaker A,00:06:03,Fine. It's okay with me.,Discussion,
18024,ES2014b,Speaker A,00:23:35,"Yeah. I dunno talking about vo I mean obviously if you've got voice recognition then you can do it in that way because it'll recognise the voice and you can give it a command, a set command whatever that happened to be. But you've then got the point if if you're not going with voice recognition then",Discussion,
34733,IS1009b,Speaker D,00:08:30,"And, in order to make it really sellable we've gotta shorten the learning curve, make sure it's really intuitive and easy to use. We have to have as few buttons as possible, because more buttons is more confusion, so that's why I'm saying, simplicity is good. Finding it's important, obviously you can't use it if you can't find it. So we've gotta concentrate on the features that help you find it, and I've already said this several times but I put it down in writing here, it should be an attractive impulse purchase at twenty five Euros. So it has to have enough value that when somebody looks at it they say, twenty five Euros I'm not gonna take that. Has to be so great that they're gonna say, twenty five Euros isn't much. and then maybe a motto, like we put fashion in electronics might be something we can use in our marketing campaign. Okay that's about it for me right now.",Discussion,
4901,EN2006a,Speaker C,00:21:01,"But saying that isn't the same as saying we've seen that in a spectrum, whereas a broad line quasar, someone has looked at it and they've seen a broad line.",Information,
33866,IS1007d,Speaker D,00:29:07,Do you require different types of P_C_B_s and,Discussion,
28217,IS1001c,Speaker A,00:07:51,To have the light always on?,Discussion,
1016,EN2001b,Speaker A,00:50:01,Yep. Should be possible.,Discussion,
42958,TS3008a,Speaker D,00:02:18,"Come on, move it.",Discussion,
11338,ES2006c,Speaker B,00:19:43,"And i it would be like I mean if you could make it integrate with the T_V_ then it could come up with new information about what's on, and you could just see that on the remote rather than",Discussion,
6322,EN2009c,Speaker B,00:04:04,"Yeah. No, I'm just try I'm trying to l think of the things that could go wrong. but since I haven't tried it this particular way, you know, but yeah, that sounds good. So i so you say we haven't finalised what the G_D_F_ looks like. Is that an implicit request for me to do something? Or",Discussion,
14836,ES2010b,Speaker A,00:06:50,Alright. Now we have Courtney with the functional requirements.,Discussion,
4504,EN2005a,Speaker D,01:06:32,"And I mean it seems to me that chunking should have some kind of so if if your dialogue act segmenter says there's there's a segment here, but your chunker said no, this is a coherent chunk, then y y you know, w I mean maybe they could work together to do a better job than",Discussion,
21096,IB4002,Speaker D,00:01:39,go through that first.,Discussion,
364,EN2001a,Speaker E,00:52:31,"Yeah, if you if you enter the big room, in the right-hand corner, I think. the thing is like you can only burn from the local file-system. So if it's from s well actually I think if it's mounted, you can directly burn from there, but the problem is I have my data on beefy and so I have to get it into the local temp directory and burn it from there. But you can burn it from there.",Discussion,
31362,IS1004d,Speaker A,00:23:21,Okay so I'll remove it.,Discussion,
42903,TS3007d,Speaker C,00:42:33,"It's not double. , it's not double anymore, eh?",Discussion,
5696,EN2006b,Speaker B,00:24:33,I think that's right.,Discussion,
9301,ES2004b,Speaker D,00:25:21,"Do we have to initially , you know looking at the findings here, focus on",Discussion,
30598,IS1004b,Speaker B,00:14:55,'Cause the thing is what a what we the presen this presentation we had is what we want the remote control to actually do. And obviously the the simplest thing that a remote control does is it just change the change the channel. Now,Discussion,
24144,IN1005,Speaker A,00:31:27,"Like this, yeah, mm mm mm, okay.",Information,
4749,EN2006a,Speaker C,00:08:07,I don't remember what we were doing with nebulae.,Discussion,
12862,ES2008a,Speaker C,00:13:21,or should we just stick to just stick to having television television related buttons on it?,Discussion,
25737,IN1013,Speaker B,00:33:30,. . Ok ok ok,Discussion,
14230,ES2009c,Speaker C,00:08:27,"I like it, I like it.",Discussion,
39056,TS3005d,Speaker D,00:10:49,"Also huh -huh the buttons, are they easy to find? That was a big requirement of the old people.",Information,
37151,TS3004c,Speaker C,00:24:37,"Okay, then we we use m must use the second most expensive chip. So th so the regular chip. Because we use scroll wheels.",Action_Item,
18009,ES2014b,Speaker D,00:21:59,"Youn young people pref Yeah, they s they said that they'd be interested in a remote control which offered that possibility and as you go up through the age groups, people got less and less interested in sort of a a remote control that you could talk to, so.",Discussion,
12061,ES2007a,Speaker A,00:19:08,"whether it's what goes into the box, somehow.",Discussion,
39038,TS3005d,Speaker A,00:10:13,Well I'd say two on a scale,Discussion,
38304,TS3005b,Speaker D,00:24:52,"Yeah. After two minutes, yeah two three minutes, yeah.",Discussion,
48243,TS3011d,Speaker A,00:32:47,That sounds quite scary.,Discussion,
19602,ES2015d,Speaker A,00:08:42,something I'm going to,Action_Item,
1737,EN2001e,Speaker D,00:31:08,"No, I don't get that on my machine.",Discussion,
6681,EN2009d,Speaker C,00:06:04,"Th th th yeah, the it should still come out that the little sketch I asked this p for for last week about N_X_T_ and whether it would have that sort of tiered effect so you could see the overlap of where one person is looking compared to the other and their mouse movements and things. That that should ra address all that. Mm-hmm. But but because it's also in the i based on the the time course of the procedure you'll be able to basically get the scan path of the pattern of events from that as well.",Summary,
1362,EN2001d,Speaker B,00:36:23,"Yeah, so if I mean I don't mind where it's done. So if the data manager filters it out and like I just think that in in the logic of the programme it's it's much easier to justify why we say we treat a series of meetings as one single thing rather than w",Discussion,
2930,EN2002c,Speaker B,00:27:59,Depends how you treat your compound nouns.,Discussion,
41683,TS3007a,Speaker A,00:15:12,Do you have a rabbit at home?,Discussion,
35602,TS3003b,Speaker A,00:29:27,is allowed in the budget we have?,Information,
15546,ES2011a,Speaker C,00:09:11,Sorry can you just say that what's the what are our price goals again?,Discussion,
21695,IB4004,Speaker C,00:01:15,And I also checked with Maggie and Pierrette.,Discussion,
26678,IS1000a,Speaker A,00:12:02,"Okay, there you go. So what favourite characteristics. . Dogs are always friendly and loyal and fun.",Discussion,
1540,EN2001e,Speaker D,00:05:58,"Oh right, I see.",Discussion,
43549,TS3008c,Speaker A,00:10:57,"Yeah. Yeah, it's okay.",Discussion,
28801,IS1002c,Speaker B,00:06:28,"I would guess this like this pen would be kinda like a double-curved, where it's curved on m m multiple axes, right? I think curved means just curved in one axis and double-curved is curved in two axes",Discussion,
40541,TS3006c,Speaker A,00:21:22,Oh yeah. Least you can easily see it.,Discussion,
20883,IB4001,Speaker B,00:14:50,"Two. Well, which W There's three two person rooms.",Information,
7533,ES2002b,Speaker C,00:20:11,"Well, did you not say it was the the adults that were going for the the voice recognition? Sort of the the older group.",Discussion,
25089,IN1012,Speaker B,00:07:08,"Oh, you've got the s",Discussion,
48835,TS3012c,Speaker C,00:03:14,Let's see where my,Discussion,
39882,TS3006a,Speaker D,00:18:12,"Yeah well like l li like some like some some remotes who are out there, which I know, there's one button which is very easy to switch between devices. So you can switch to your video and then the same buttons control your video. And another function I'll think of switch to your media centre, because that's getting very popular. And then use your Windows media centre under your T_V_ with the same remote control. So with the switch, one single switch",Discussion,
20465,ES2016c,Speaker C,00:32:01,rid of that because gonna use a battery. And the base station might not be necessary.,Information,
35200,IS1009d,Speaker D,00:20:43,"so they'll be our main selling points. So th those have been fulfilled by your prototype and go ahead to the next slide please. Okay, so the shape I think is a a one. That's really, really excellent shape. The size is small and th these points are in the importance for the, for the marketing, these aren't i in how I feel. I think that it's I think that it's plenty small enough to sell but I think we're sort of right the scale is one to seven. I think we're sort of right in the middle as far as c other competitors.",Discussion,
44719,TS3009a,Speaker A,00:15:24,We also just released a T_F_T_ thing I saw.,Discussion,
11431,ES2006c,Speaker B,00:28:54,"Yeah, but y your spinning wheel tends to go to one side.",Discussion,
14571,ES2009d,Speaker D,00:23:00,"Hmm, very much so.",Discussion,
28240,IS1001c,Speaker C,00:10:18,"Mm. Yeah, I think that if you put the cover it will be even more difficult for the user.",Discussion,
2350,EN2002a,Speaker B,00:31:43,"Well, it doesn't matter for me. I mean three three or after what?",Discussion,
11927,ES2007a,Speaker D,00:04:31,"Oh my gosh, I'm never gonna be able to draw that well.",Discussion,
41501,TS3006d,Speaker D,00:44:05,Yeah? How do you do it?,Discussion,
45486,TS3009c,Speaker B,00:19:35,"And oh I think as you can see so, the L_C_D_ screen does look better at the lower end, or at the bottom. But",Discussion,
8999,ES2003d,Speaker C,00:33:14,"Yeah, that woulda been pretty good.",Discussion,
39847,TS3006a,Speaker B,00:15:01,"I got some requirements it has it has to be user-friendly. really easy to use buttons, not not very small buttons, but not the the also the big big buttons, but just normal buttons. It has to be a small unit. It has to be yeah, you can take it with you everywhere in in your house. So it has n has not to be l yeah, gigantic machine.",Discussion,
45583,TS3009c,Speaker A,00:26:01,Okay. And well the the electrical cable is just normal .,Information,
28844,IS1002c,Speaker B,00:11:36,"Instead of play, stop, rewind, and fast forward there, that's up, down, louder, and quieter.",Discussion,
16111,ES2011d,Speaker D,00:06:48,Right what happens is we have to decide whether this this whole,Decision,
3105,EN2002c,Speaker B,00:46:59,"So if it m so yeah, if you return seventy five, wh where do you stop? How do you rank them or something. Or returns twenty, even if it returns twenty, do you cut off at ten, do you rank them, do you what's the threshold? Something like that would be",Discussion,
41497,TS3006d,Speaker A,00:43:37,"And you can just relax and have cup of coffee or oh no, they don't have beer here so you can't celebrate. You can just if you ma finish my presentation please.",Information,
34926,IS1009c,Speaker C,00:06:42,Going to the nex next.,Action_Item,
27778,IS1001a,Speaker B,00:04:09,Can I give you the no? But I don't have to say anything.,Discussion,
4118,EN2004a,Speaker B,00:42:23,"Right, I'm mobile. Alright.",Discussion,
27857,IS1001a,Speaker A,00:11:32,Maybe we can have,Discussion,
951,EN2001b,Speaker B,00:39:51,"Yeah, I think if we work together on an on an entropy based score. It's let me see if I can demonstrate",Discussion,
27115,IS1000c,Speaker C,00:10:51,Yeah so I'll I'll go with that actually so,Discussion,
46441,TS3010b,Speaker C,00:06:29,"Ten minutes to tell it. Okay. I think it will be a few minutes and First I will tell you something about the findings, what I discovered about the remote control. The working bout it of it.",Discussion,
1469,EN2001d,Speaker D,00:49:13,"No, like different measures to the display.",Information,
3454,EN2002d,Speaker D,00:26:58,No. I'd expect somewhere ten to fifteen pages.,Discussion,
2791,EN2002c,Speaker A,00:11:48,"On your home directory, not in the okay.",Discussion,
9341,ES2004b,Speaker C,00:31:48,Yeah and if yeah if you if you had if you had one of those just coming back to your other point about pressing the button and setting off the bleeper in the room that could,Discussion,
39185,TS3005d,Speaker A,00:16:29,"Yeah, but a har",Discussion,
47819,TS3011c,Speaker C,00:29:41,Okay. So you will be on the Bahamas.,Discussion,
2329,EN2002a,Speaker A,00:30:35,Yeah. That's cool. Yeah. In the morning.,Discussion,
12260,ES2007b,Speaker A,00:26:17,"Well, not necessarily. But we have to incorporate it.",Discussion,
2141,EN2002a,Speaker C,00:13:44,"Because I'm I'm just, you know, I go into the lab and I say right, what am I gonna change today. You know? And it kind of just it just develops, I'm not aiming for anything. Do we wanna aim for something?",Discussion,
7122,EN2009d,Speaker C,01:00:42,"No, they're they're on two s the two separate machines and the you you start and end them separately. The they they're not talking to each other. They're just recording. You start it recording and it starts recording what's on one screen. And you start the other recording on the other machine. And they're they're totally separate. They don't know about the other one.",Discussion,
1970,EN2001e,Speaker D,01:03:35,So may we probably want a different summary constructor that takes an an additional argument of an I_D_. And it will that w utterance will always be in the summary.,Summary,
32033,IS1006a,Speaker A,00:06:53,"No, because you think, why not.",Discussion,
24412,IN1007,Speaker A,00:28:04,"He has all kinds of speech recognition results, right. It was the first time you start using the cluster, I remember, or some some parallel processing. That was a big thing here.",Discussion,
15946,ES2011c,Speaker A,00:15:16,"Yeah, that you can flip over, yeah, yeah.",Discussion,
19935,ES2016a,Speaker C,00:06:31,one thing I thought of with the remote control is you always lose 'em.,Information,
10720,ES2005d,Speaker A,00:05:19,A a more friendly type of,Discussion,
46950,TS3010d,Speaker D,00:05:34,"And in the end, we will c count an average",Discussion,
7562,ES2002b,Speaker D,00:26:50,"And like on the means b Since we're on the topic of the technology, are there any like what are our options? Alright, what's what i in Is this the only way that we go about it, or are there other thin",Discussion,
36893,TS3004c,Speaker C,00:01:39,I received an email with a few possibilities on the materials. So I'll discuss them with you. Yeah.,Information,
7008,EN2009d,Speaker B,00:48:28,"Okay, so w all I'm I'm doing is kind of worrying out loud about all the things that will happen that we'll miss by th a simple view of for example regions and looking at at triangle one. When is triangle one not triangle one anymore. does it s keep its identity.",Information,
18931,ES2015a,Speaker A,00:11:27,It looks kinda like a person.,Discussion,
30358,IS1003d,Speaker A,00:30:11,The thing now is to to sell it.,Information,
1069,EN2001d,Speaker D,00:02:02,"That's Vera's data on the display. But the segments are just made up, aren't they.",Information,
41083,TS3006d,Speaker C,00:16:41,We went straight into finance?,Discussion,
36453,TS3004a,Speaker C,00:18:09,"Yeah, and and you just have normal batteries that you can recharge and just put it in the station, or you can change your batteries, so.",Discussion,
29615,IS1003b,Speaker B,00:23:56,"the global usage, so if people don't have the technology.",Discussion,
10447,ES2005c,Speaker A,00:18:43,"Okay so, here are a a plastic,",Information,
15553,ES2011a,Speaker A,00:10:19,", I don't know what these mean because I didn't actually make the slide-show. Experience with remote control. So I guess we have to reflect on our experiences with remote controls to decide what we would like to see in a convenient, practical,",Decision,
15025,ES2010b,Speaker A,00:27:29,"Y right, right right right. That one?",Discussion,
11811,ES2006d,Speaker B,00:25:28,"Yeah, I think Jen wants it to vibrate.",Discussion,
17657,ES2013d,Speaker B,00:18:57,We have the worry about how robust it will be if it's it's curved as a banana but spongy. I think yeah.,Discussion,
48789,TS3012b,Speaker A,00:39:24,"small buttons here for some extra functions, so if your basic function's here, we should like we decided before, programmes up and down,",Decision,
12762,ES2007d,Speaker A,00:17:17,"Oh no I thi I put it in one of my e-mails that I sent off. that, you know, it's marketable in the sense that it's whilst all these other remotes actually do give you repetitive strain injury, our one does the complete opposite, you know, so that's something that's new, which is one of the criteria they asked us to come up with something with something new.",Information,
16097,ES2011d,Speaker A,00:04:10,"if you wanna look in your project documents folder, there's an Excel spreadsheet.",Discussion,
34842,IS1009b,Speaker A,00:28:26,Do we look at one target group?,Discussion,
25580,IN1013,Speaker D,00:14:11,"Yeah there yeah, yeah. Yeah. Yeah, yeah. Four point eight or something.",Discussion,
19184,ES2015b,Speaker C,00:33:33,"That, yeah, that's a good idea.",Discussion,
44532,TS3008d,Speaker A,00:44:35,"Okay, well we leave it like this. Then it's c then we're yeah.",Information,
41744,TS3007a,Speaker D,00:21:17,"Look, you got some cheap remote controls there.",Discussion,
23306,IN1001,Speaker A,00:12:45,Alpha times the maximum of the other ones. Of the other ones.,Discussion,
39853,TS3006a,Speaker A,00:16:04,I think the best is to go to work.,Discussion,
33616,IS1007d,Speaker A,00:00:48,So in last meeting we have discussed the conceptual design and we asked you to prepare a prototype for the,Information,
35022,IS1009c,Speaker B,00:27:31,Trendy design and compact.,Discussion,
23623,IN1001,Speaker A,00:56:27,"Yeah. Yeah, yeah. Yeah.",Discussion,
40822,TS3006c,Speaker B,00:40:58,No flipping or you wanted the flipping so,Discussion,
15542,ES2011a,Speaker C,00:08:34,You're dragging a you have a tail.,Discussion,
21864,IB4004,Speaker A,00:21:48,"No okay, no way. I'll I'll have my head cut off if we don't have a lounge. So",Discussion,
33236,IS1007b,Speaker C,00:05:29,It's field programmable something array. Yeah.,Discussion,
32638,IS1006d,Speaker A,00:00:33,"So, now it's the Hi Sammy. It's the detail design meeting, so we're going last meeting. So , first Mark and Rama are going to present the prototype. then Sammy will propose some crite cr criteria to evaluate this prototype. Then, w we",Action_Item,
4289,EN2005a,Speaker B,00:18:18,"Yeah, c I just think well, I mean it all of these things when they encounter a new genre of of actual data, then they end up modifying building new kinds of relations with new kinds of semantics and adding them. That's the entire history of these.",Discussion,
23092,IB4011,Speaker B,00:27:04,"Yeah. No, I think the summary is i is quite good, and especially I think it well mm when you read it you just want to go to see the movie. I think it looks funny for me. I haven't seen the movie, but the summary looks funny.",Summary,
7788,ES2002c,Speaker D,00:32:07,"I've had kinetic things before, and the the the one issue we need to keep in mind with them is that you're committing the user to moving it, and watches yeah",Action_Item,
31888,IS1005c,Speaker D,00:20:51,Which is the same area.,Information,
9463,ES2004c,Speaker D,00:11:21,"Hmm. Mm-hmm. Mm. Could I just ask referring back to solar charging, is that compatible with standard batteries? I mean, could people put standard batteries in but with a s you know they could leave it in the sunlight for solar charging or the two things not compatible?",Discussion,
42305,TS3007c,Speaker B,00:31:43,"Ye I I think best would be to put it in and make it an menu option. You can put on Yeah. And you can just s when you buy it, you can select personal preference, parental control on, and the password or something.",Discussion,
34598,IS1009a,Speaker A,00:00:54,Okay. Everybody ready? I think the first thing we do is introduce ourselves,Discussion,
43715,TS3008c,Speaker C,00:24:53,But I've got a the email with with the possibilities. And L_C_D_ was a possibility for the remote control. So why don't we use it.,Discussion,
10150,ES2005b,Speaker A,00:15:51,"And a novel feature which we just brought up was this this automatic speech recognition feature or noise detection feature for when you lose the remote, there could be a little microphone on it, and any noise over a certain threshold it'll pick up as a a distress signal from you and it'll beep back and say you know oh here I am or something of this sort.",Discussion,
16515,ES2012b,Speaker B,00:16:13,They're not used often but they are quite important when they're used. Yeah.,Information,
23775,IN1002,Speaker A,00:21:22,"Was it insured, any idea?",Discussion,
19360,ES2015c,Speaker A,00:19:27,"Well, if they're raised up buttons. So that you can feel them. We were talking about it being more",Information,
36013,TS3003d,Speaker D,00:15:38,But how does scroll-wheel work here?,Discussion,
36936,TS3004c,Speaker D,00:07:40,maybe a see-through one in a a fruit front. Because it's it's hot. And some basic colour fronts.,Discussion,
15265,ES2010c,Speaker B,00:27:59,"The only problem is we're using a latex overlay so it actually would go over top of everything and have holes for the buttons, so I was thinking maybe instead of doing that what we could do is leave a space for where the logo should be.",Discussion,
13098,ES2008b,Speaker A,00:33:22,"And we also want it to be fashionable, which I'm not sure if that's a function so much as a yeah",Information,
18799,ES2014d,Speaker B,00:40:54,"Yeah, I suppose and then be going out and finding more information each time and then diff things will be relevant.",Discussion,
4068,EN2004a,Speaker C,00:37:58,"Oh, I had one guy, one of the project managers was he had a really weird accent and he was calling one guy Mister Ed. His name was Ed, and it took me a whole time to, you find out that it was actually Mister Ed. Or",Information,
34394,IS1008c,Speaker A,00:24:40,How much you can,Discussion,
24748,IN1008,Speaker D,00:41:34,Then it's random. And that's why you get these values which are random.,Discussion,
25270,IN1012,Speaker B,00:29:46,"Yeah, but nobody you know, it's those new systems are still not general, like you know, like those P_L_P_ and M_F_C_C_s, because everybody knows that di it worked somehow, right, for any kind of data. That's why they're comparing to to that, so. Once somebody will come with something new, okay, he he's showing it works for some datas, but still yeah, yeah. First it's difficult to to show that it works for all all the datas, right, because it's really and",Discussion,
48637,TS3012b,Speaker C,00:28:55,"Hmm. These are comfort issues. So I think people will pay they wanted to pay for comfort. Well, this is comfort.",Discussion,
23807,IN1002,Speaker D,00:24:48,"Maybe at least they will give some number others, like they can.",Discussion,
27575,IS1000d,Speaker D,00:29:04,"Yeah I think yeah it should be possible like what we do with the mobile phone, yeah.",Discussion,
38156,TS3005b,Speaker D,00:12:12,"Important issues about the remote. I think it would be better with a personal reference, but okay. Remote control has to have to have a low power usage, because s w",Discussion,
27419,IS1000d,Speaker D,00:19:45,It's will be embedded there so it won't be really you know protruding or something.,Discussion,
46697,TS3010c,Speaker D,00:14:22,"So, well how we did do that? , well we made an investigation of the market, by Trendwatchers. They watch in cities like Paris and Milan. Of course, well known for their trend trends.",Discussion,
36382,TS3004a,Speaker A,00:12:34,"The production cost are about half the price of selling price, sorry.",Information,
24860,IN1008,Speaker A,00:55:21,And they are plug in the on the X_L_R_? Or,Information,
13584,ES2008d,Speaker A,00:21:40,Let me one more space. Gonna zoom in real quick.,Discussion,
28505,IS1002b,Speaker C,00:03:48,"Yeah bu but we we're designing only the remote, we not design the T_V_. So we're gonna be removing the teletext out of any T_V_",Discussion,
35686,TS3003c,Speaker A,00:07:12,Okay. Thank you. Any questions about the the trends? Mayb,Discussion,
46059,TS3009d,Speaker D,00:17:52,"Yeah, we need to have the the L_C_D_ screen.",Action_Item,
41129,TS3006d,Speaker D,00:20:27,"F I don't know where. So that's very true, I guess, for our case.",Discussion,
2714,EN2002c,Speaker C,00:00:47,Hmm. Did you wanna take a look at comments. There's more,Discussion,
26987,IS1000b,Speaker C,00:31:14,"three like this, actually, and four five six like that and you can have keys like this in form like",Information,
48253,TS3011d,Speaker A,00:33:26,"M Yeah, ten or five.",Discussion,
22993,IB4011,Speaker C,00:15:41,ninety one ninety one .,Discussion,
34817,IS1009b,Speaker B,00:22:23,"And and and it is one more point which I noted it down, like the material which which which is used for remotes should be human friendly it should not cause any skin disease or something some al allergy to either children or to ad adult person. And it should have an it can have an alarm clock a a person if some if somebody wants to get up at around eight eight P_M_ then he can set the time and it can be used as an alarm clock, and I don't think it will cost much to set an alarm clock inside a remote.",Discussion,
37138,TS3004c,Speaker C,00:23:26,"Yeah, and and we can use the home station kind of thing. cases, flat, so uncurved. two D_ curved is like front to the back. And three D_ curved is also in depth.",Information,
9757,ES2004d,Speaker D,00:12:07,"Losing one decimal place, that's okay.",Discussion,
17293,ES2013b,Speaker A,00:32:19,"Mm. This oughta be fun. It probably won't go the first time, it'll probably be like a g mess.",Information,
41051,TS3006d,Speaker A,00:14:42,Yep? Instead of an additional power button?,Discussion,
38219,TS3005b,Speaker C,00:19:18,"Is it possible to find out, anyway? You know?",Information,
351,EN2001a,Speaker D,00:50:45,I can't remember who's got it. Might be WordNet. But one of these big corpuses has a list of stop words that you can download and they're just basically lists of really uninteresting boring words that we could filter out before we do that.,Summary,
7382,ES2002a,Speaker B,00:12:06,"No, actually. That would be useful, though, wouldn't it, if you knew like what your money would get you now.",Discussion,
32017,IS1006a,Speaker D,00:05:31,"yes, we have plenty at home. In fact, my daughter likes l remote controls. To eat? Yeah, mainly, and to break.",Information,
21360,IB4002,Speaker D,00:22:29,"Well, we have the the group and students here. Although you still have Susan and Maggie over here.",Discussion,
29154,IS1002d,Speaker D,00:12:32,"Yeah 'cause if if we can make this unit upgradable then we're yeah but then we talk about changing the warranty concept and everything, but that's that was just an idea I had. to me the only additions",Information,
35697,TS3003c,Speaker B,00:10:19,"Let's see. yeah. I was thinking about the special button for subtitles, just one button to keep it simple. one push on the button you get small subtitles.",Discussion,
35214,IS1009d,Speaker A,00:23:14,"I'm sorry to interrupt then but I just recog I just remembered that there was no that that was not included that there was no room for any special features, okay? So to beware of that. You wanna go to this next slide, marketing expert?",Information,
14932,ES2010b,Speaker A,00:18:43,"Okay, so we want for our target group would we say, I mean, young and old, all age ranges, all , not kids obviously, right?",Discussion,
47392,TS3011b,Speaker C,00:14:24,Yes. Th that's a bit of that's a problem. Usually,Discussion,
7818,ES2002c,Speaker A,00:36:00,Because that's becomes the most accessible thing in front of,Information,
12209,ES2007b,Speaker C,00:21:17,"What about just from the the prospective of our manufacturing cost? I mean if if it's twelve fifty per unit. I mean, okay, there's",Discussion,
42684,TS3007d,Speaker D,00:24:56,I don't know if twelve and a half is a fixed fixed price.,Information,
22911,IB4011,Speaker D,00:08:57,"Sorry, it's control L_",Discussion,
43767,TS3008c,Speaker A,00:28:07,"Yeah. No no no, not that comfy.",Discussion,
41209,TS3006d,Speaker C,00:25:10,"Yeah but it be because we couldn't hardly draw on the b s on the lower half of the screen, we could not make it big enough to actually draw in the",Discussion,
38002,TS3005a,Speaker D,00:09:25,"recognise as a giraffe. Yeah, the favourite charis characteristic is that the long neck, it can reach everything. And I hope I can also reach a lot with this project. So that's my favourite animal.",Information,
2950,EN2002c,Speaker C,00:30:25,"Yeah, what if it's yeah. Do the P_D_F_s, switch it to Postscript, switch it back to P_D_F_, and then",Discussion,
9604,ES2004c,Speaker C,00:31:30,Well you cou .,Discussion,
4773,EN2006a,Speaker A,00:10:05,"Oh, you want to s split that one and, do you, into two? Yeah. Yeah. I'd agree with that, I think.",Decision,
31527,IS1005a,Speaker C,00:09:03,"I dunno if I can. Okay. It may be like a cow or I dunno, whatever. I'm not good very good in drawing. Okay, so this is very It's a bird, I think. I dunno what is it.",Discussion,
42246,TS3007c,Speaker B,00:24:18,"Well, I agree, just put it in the menu structure somewhere.",Decision,
1125,EN2001d,Speaker B,00:08:08,'Cause an al like an alternative view would be that,Discussion,
40816,TS3006c,Speaker B,00:40:31,Yeah and then h we sh mm.,Discussion,
6073,EN2009b,Speaker A,00:07:29,"no, they're they're they're the same size as the as the original blobs basically. But so they yeah, I think the mouse is slightly bigger, but it's not, you know, it's not it's not hugely bigger. So",Summary,
9493,ES2004c,Speaker B,00:14:14,the eternal battle for control of the controls.,Discussion,
5659,EN2006b,Speaker B,00:21:44,"Oh right, yeah. Yeah.",Discussion,
46360,TS3010a,Speaker B,00:04:35,Okay. Let's try this.,Information,
40058,TS3006b,Speaker A,00:15:44,And the corporate identity should be clear in the design of the remote control.,Discussion,
44589,TS3009a,Speaker D,00:05:45,"Alright, your favourite animal?",Discussion,
32820,IS1006d,Speaker A,00:16:30,"It's n no, it's not fancy any more.",Discussion,
18016,ES2014b,Speaker B,00:22:44,"That is true, yes.",Information,
22052,IB4004,Speaker D,00:37:13,So that's the standard things.,Discussion,
7362,ES2002a,Speaker A,00:09:31,"It does make sense from maybe the design point of view 'cause you have more complicated characters like European languages, then you need more buttons.",Discussion,
13428,ES2008d,Speaker A,00:08:03,"Okay 'cause well, the designs are very bright, so you're right, they're gonna stick out, but",Information,
43093,TS3008a,Speaker A,00:18:52,"Maybe a can opener underneath it? I don't know. Or someth something special, like M_P_ three player inside of it, or Oh, well then the production costs are gonna be too high probably.",Discussion,
21837,IB4004,Speaker C,00:19:46,"We put it the the furniture that we got for our reading room, we put it into the other half of the three person room.",Discussion,
10256,ES2005b,Speaker A,00:31:28,"Well, I think a consideration too is that these remotes get abused a lot, you know they get thrown around, there's a good chance the the T_F_T_ screen would break or get damaged. They're pretty fragile.",Discussion,
32686,IS1006d,Speaker D,00:06:36,You mean we can change the colour of th,Discussion,
16112,ES2011d,Speaker D,00:06:57,this whole project we've been working on actually meets the standards we were set at the start.,Information,
13805,ES2008d,Speaker B,00:39:55,"Just if you like you'd have a remote for your remote, that'll.",Discussion,
29077,IS1002d,Speaker B,00:03:24,"The programme button, yeah the programme button. So this bl this button will be used both for the favourites and for programming your the the type of television you wanna use. So the plastic is the white area of this of the model here, and the red area is like a rubber covering. So you can see that when it lays like this or like this and the buttons are all gonna be rubber, so it's pretty hard to actually damage it",Information,
20815,IB4001,Speaker A,00:08:45,or Yeah. Or Yeah. Couple of professor and assistant or,Information,
26393,IN1016,Speaker B,00:33:25,"that's that's that is one of the reason for example why which mark we point pretty much on slides as a mean of indexing. Because at that point there is no interaction between humans and capture. Because whenever you have microphones that you have to move, it's it's it becomes complete really",Action_Item,
8117,ES2002d,Speaker C,00:21:05,"Yep, oh hundred pound pen. Sorry alright. No.",Discussion,
8149,ES2002d,Speaker B,00:25:22,Oh yeah. Well I dunno do you th I think it means I think it means did you feel you were able to give creative input so,Discussion,
20878,IB4001,Speaker B,00:14:40,A one person'll be too small anyways.,Discussion,
25756,IN1013,Speaker B,00:35:23,Oh. Oh okay. I mean just before. Oh you..,Discussion,
7527,ES2002b,Speaker A,00:19:13,"Is that too is that a lot of money to buy an extra remote or a replacement remote? Right. so maybe not the high end range, but maybe middle, middle up-ish. Kind of. You know how much? I dunno I guess you pay, what, ten ten quid for a remote? Like a simple replacement, right. I mean if you lost your remote and the first thing you just wanna go out and get, would you how much would you pay?",Discussion,
37276,TS3004c,Speaker C,00:32:25,"Yeah, just a recharger.",Discussion,
47343,TS3011b,Speaker C,00:07:06,"Okay. well, there are some changes in the design requirements, so there are some changes in the method also. basically all this device has to do is send messages to a T_V_ set. And the m most easy way to do this is by sending pulses of infrared light to a T_V_ set. Well, I th I tried to implement a picture here, but it's hardly readable.",Summary,
25945,IN1014,Speaker B,00:06:35,"On these four inputs you can have only video. But they want to make also the slide acquisition. So on one input they put a conversion box, a converter, which converts from slide",Information,
36277,TS3003d,Speaker A,00:42:41,Summary of the project.,Summary,
43973,TS3008d,Speaker A,00:05:29,"No, listen listen. When you push the button, the remote control gives a signal. I in th in the first place it gives a signal which it would also send when you put a separate button on it. The one with dash, that signal gi and when y whe when you don't push another button on the remote control within five seconds, then the remote control gives a signal for channel one.",Information,
22963,IB4011,Speaker D,00:13:15,"Yeah, Tuesday, it's quite surprising though, but , okay.",Information,
23709,IN1002,Speaker D,00:14:31,But you're generating P_L_P_s from?,Discussion,
18561,ES2014d,Speaker D,00:16:51,"'Kay. And I mean, how much does the product demonstrate technical innovation do you reckon?",Discussion,
44177,TS3008d,Speaker D,00:20:12,"But I d I definitely don't think it's a five, but",Discussion,
10342,ES2005c,Speaker B,00:04:05,"When we did f fashions , recent fashion our recent fashion update shows that",Discussion,
8020,ES2002d,Speaker C,00:13:35,Maybe closer to three even or two and a half.,Discussion,
41327,TS3006d,Speaker A,00:33:09,"Yeah I'm I'm somewhere, but maybe you can help me.",Discussion,
36999,TS3004c,Speaker C,00:13:16,"Yeah, or maybe The channel buttons are often used. And you can't use them now with your thumb, because the thing is not, it's not easy to control.",Discussion,
1299,EN2001d,Speaker E,00:29:28,No I think they were ten percent each.,Discussion,
289,EN2001a,Speaker C,00:44:14,"Yes, I did. But I've only just got the notes. I have to still have to order everything by the time and",Discussion,
42895,TS3007d,Speaker A,00:41:51,"You go there and you go there. So, okay. Well, maybe I can then do it one two three.",Discussion,
1215,EN2001d,Speaker E,00:19:36,"Alright. Yeah, I should maybe just get started with 'em.",Discussion,
26038,IN1014,Speaker A,00:25:59,"Really? Well, so it was not such a difficult process then.",Discussion,
1775,EN2001e,Speaker A,00:38:08,"And then score, yeah, it this was just for showing it. Huh?",Discussion,
11929,ES2007a,Speaker B,00:04:40,"okay, it's big, it's got a great memory.",Discussion,
40944,TS3006d,Speaker D,00:07:31,"Well okay. For example if you have f f four buttons, channel up and down, volume left right Okay, I've I think we have to keep that. And then and the power button. So that's five.",Discussion,
1589,EN2001e,Speaker E,00:10:19,Yeah another sh issue was that,Information,
25006,IN1009,Speaker B,00:18:05,"No, I think does this work, email?",Discussion,
8409,ES2003b,Speaker B,00:14:15,Are you finding it okay or?,Information,
23968,IN1002,Speaker A,00:38:48,From posteriors to s forced alignment.,Discussion,
9478,ES2004c,Speaker C,00:12:42,"Yeah they do, they yeah they've got dual things, but they're the batteries are smaller I think.",Discussion,
21740,IB4004,Speaker B,00:08:41,"Because the professors , you have personal printer or there is only one printer?",Information,
20929,IB4001,Speaker B,00:17:36,Yeah. actually that's a good idea. J just put it up.,Discussion,
5850,EN2006b,Speaker B,00:36:13,But it's al is that also the name of the source?,Information,
19125,ES2015b,Speaker B,00:27:49,Okay. Work on that.,Discussion,
9093,ES2004a,Speaker D,00:07:45,"Hopefully that'll stay on, two-handed version. Okay,",Discussion,
19714,ES2015d,Speaker B,00:16:38,Does this prototype match the operating behaviour of the average user.,Information,
10391,ES2005c,Speaker A,00:12:11,"The L_C_D_ and the other stuff , I think.",Discussion,
16230,ES2011d,Speaker C,00:20:12,Yeah. That could work.,Discussion,
4398,EN2005a,Speaker B,00:46:10,"Yeah. B th But there there are people in the field that are moving that direction, like Martin. And also what's important here is the theoretical clarity about what an initiation and a response is. So what is it that ties different acts together at a higher level, you know.",Discussion,
17839,ES2014a,Speaker B,00:07:29,I dunno maybe because there's so many cartoon characters made up after the bear like the jungle book characters and stuff like that. Great.,Discussion,
23962,IN1002,Speaker C,00:38:20,P_L_P_ should be there. I re should have kept the P_L_P_ also somewhere tha,Discussion,
6904,EN2009d,Speaker C,00:36:44,"Mm-hmm. I mean if if they are oscillating though, then that's presumably going to st change the weight. So you are actually going to see them flipping between when you decide they're looking there mm-hmm, if they're really close, yeah.",Decision,
41330,TS3006d,Speaker A,00:33:16,I was here. So,Discussion,
27176,IS1000c,Speaker B,00:26:32,"So I f I think we we should come to some decisions now a about this. so I understand when we want a display we need a expensive chip, but when we want a scrolling wheel w we also need the expensive chip, so can we use same chip, so with one expensive chip",Decision,
185,EN2001a,Speaker E,00:29:34,W what segments now?,Discussion,
6021,EN2009b,Speaker B,00:00:41,"Yeah, there was a mailing list before. They've just revived that, right?",Information,
10009,ES2004d,Speaker B,00:36:24,"yeah, just the last, I think.",Discussion,
41911,TS3007b,Speaker B,00:27:12,"And so an elder designer picks up th the of an elder parents or grandparent picks up the remote from the little child and who's all in the systems functions, you'll have to have the possibility to turn off the T_V_ or to switch the channel without well using all the menu structures to get back to the primary functions.",Information,
41411,TS3006d,Speaker C,00:38:02,How Shall we do the logo in black or not?,Discussion,
24285,IN1007,Speaker B,00:11:44,"Yeah. Yeah, but I'm using that for different different reason, right. So it's speech coding. So what is the task is usual just take the speech of course somehow to encode it into as as small number of beat as possible and with a reasonable quality of course. And again to e decode it. And I'm using F_D_L_P_ for that, still playing with more less one second long segments. So just dividing the speech into one s one second frames doing D_C_T_. It's just the standard wor of work. And then doing some compression and computation of yeah, yeah yeah, sh oh, yeah. But you are doing the same, no? Yeah b yeah yeah you take the the D_C_T_ and you just divide it into several sub-bands, frequency bands with a different",Action_Item,
44540,TS3008d,Speaker D,00:45:08,"I think we gotta fill out another questionnaire, to be honest.",Discussion,
29484,IS1003b,Speaker B,00:08:53,This is in fact some other component that are in between the electrical de the electronic device.,Information,
1782,EN2001e,Speaker D,00:38:38,"So you know how zero is T_F_I_D_F_. One is the well I've called it word importance, but that's a really m misleading name.",Discussion,
46614,TS3010c,Speaker B,00:02:04,", first I'll I'll discuss the buttons we just chose, show you some samples,",Discussion,
2038,EN2002a,Speaker B,00:04:45,"Yeah, I don't I mean it w it's more like part of the",Discussion,
19981,ES2016a,Speaker C,00:12:58,"Yeah, that's g that's a good idea.",Discussion,
39165,TS3005d,Speaker B,00:15:37,"Yeah, yeah, it's very spongy. Oh but not it's not very spongy, because it's hard rubber.",Information,
34902,IS1009c,Speaker A,00:02:53,mm child lock and maybe a display clock so that people could,Discussion,
25581,IN1013,Speaker A,00:14:17,"Or based around that. Yeah. Okay. It's not terribly interesting though, really.",Discussion,
37795,TS3004d,Speaker C,00:28:35,then there we probably have been creative.,Discussion,
47432,TS3011b,Speaker B,00:17:47,It will be an a unique feature of our remote control.,Discussion,
20579,ES2016d,Speaker A,00:10:49,"But if we do go with the, with the speech recognition, then it, then our scale goes up quite a bit I think.",Discussion,
4513,EN2005a,Speaker D,01:08:07,"So we got stuck at some point on evaluation of chunking, right. The problem was you didn't have ICSI data that was hand labelled for chunks. And we decided labelling the ICSI data for chunks would be probably difficult and maybe not very useful. And so it it mi",Decision,
11802,ES2006d,Speaker A,00:24:55,But we lose the locator.,Discussion,
27109,IS1000c,Speaker B,00:10:31,maybe we can go a th Matthew's presentation because,Discussion,
25435,IN1012,Speaker C,00:47:09,"Okay, I'm I'm fine with this, but I can make it run on my machine. Okay.",Information,
44468,TS3008d,Speaker A,00:40:17,I don't think it's realistic for you to do so.,Discussion,
39759,TS3006a,Speaker C,00:06:05,. Your line broke.,Discussion,
34104,IS1008b,Speaker B,00:11:51,"Might be hard to find, though.",Discussion,
31665,IS1005b,Speaker A,00:21:23,to have something new and So we I think we should still thinking about it. But maybe.,Discussion,
18613,ES2014d,Speaker D,00:21:58,"So this is about sort of the corporate image of like new sort of sleek technology and all that sort of thing, as well as having the logo on and all that. So sort of",Information,
1721,EN2001e,Speaker D,00:29:03,", oh there must be a way of detecting whether the clock's loaded. Like in fact there there is. You can try and set something on the clock and use try and catch, and then if you catch the exceptions set the flag.",Action_Item,
49003,TS3012c,Speaker D,00:15:33,No it maybe it's better to look what the people want. So I can show my investigation.,Discussion,
29886,IS1003c,Speaker B,00:25:35,"I think we can have wood for example in the bottom and, you know. It depends on the design we want, so.",Discussion,
35394,TS3003a,Speaker A,00:22:19,"Yeah, that's nice, I think. So we've we want different functions",Discussion,
44673,TS3009a,Speaker C,00:11:17,well I think it's obvious right now.,Discussion,
